character	count
d	2514427982
j	2182733581
y	2035001440
e	1947061434
l	1607315378
q	1543669159
k	1519987716
v	1470029392
x	1438140755
f	1304363430
h	1300570235
b	1265359062
i	1264113936
o	1239836514
w	1200268202
u	1105078751
g	1093977907
z	1030368421
a	996570675
m	990667404
t	941574094
n	867102521
s	808847753
r	723568813
p	534059416
c	389497535
å	1469429
æ	870375
ä	658657
è	590404
ç	565669
ã	417344
é	379566
º	346619
ï	202311
晸	113000
µ	90621
丨	65078
睺	46942
ª	45830
晧	45510
這	44065
の	41349
個	41233
銝	35014
牠	33524
い	33241
â	32299
來	30445
為	29521
說	27684
嚗	27235
犼	27190
國	26881
砲	26541
時	26504
о	26082
會	25878
α	25738
麼	24611
а	23553
黒	23165
雲	22709
鈭	22611
ａ	21860
и	21464
過	21292
沒	21285
し	21112
學	20598
冴	20273
е	20048
晩	20009
た	19373
對	19367
ー	19221
な	18931
π	17736
か	17703
妳	17510
に	17483
á	17351
н	17161
β	17139
う	17138
玧	16884
們	16356
ん	16243
現	16233
還	16101
と	16100
т	15944
ω	15897
て	15849
は	15471
俷	15363
ン	15345
ｂ	15325
る	15257
с	15120
ｃ	15044
茣	14759
別	14727
丶	14727
à	14086
長	14065
題	14058
で	13826
р	13678
嘅	13627
ま	13620
點	13585
μ	13497
發	13471
蕯	13419
д	13085
ā	12966
開	12791
ｓ	12688
無	12530
в	12433
が	12377
語	12256
ｐ	12222
隞	12189
撟	12187
問	12180
種	12161
經	12152
ｏ	12145
實	12084
徳	12055
す	11903
體	11850
樣	11699
當	11518
ｍ	11454
を	11247
í	11132
っ	11098
к	11045
內	11026
間	10998
ら	10991
呎	10846
り	10825
こ	10594
摰	10590
く	10584
л	10526
ｄ	10526
與	10450
ｔ	10380
ｉ	10355
ｅ	10259
ü	10235
覺	10235
ا	10175
き	10098
話	9913
隡	9909
灣	9509
も	9353
裡	9192
ó	9132
關	9087
れ	9061
あ	8999
ｎ	8871
勣	8792
さ	8681
書	8658
イ	8545
東	8419
汎	8414
ス	8376
儁	8335
ｗ	8319
м	8317
動	8264
進	8199
兩	8163
給	8160
霑	7946
門	7936
だ	7901
ｇ	7897
愛	7803
霂	7666
ル	7661
業	7588
ì	7526
ｌ	7458
從	7391
劵	7371
係	7347
у	7272
п	7267
見	7240
論	7172
蝏	7139
ｒ	7133
ｆ	7082
お	7059
認	7027
媗	6952
袛	6935
餈	6926
機	6874
ト	6855
禇	6826
應	6729
銵	6709
電	6682
尓	6676
δ	6626
φ	6555
ī	6549
濬	6534
よ	6503
ú	6484
γ	6481
ラ	6442
樂	6440
場	6421
義	6415
結	6411
ｘ	6399
幾	6391
準	6389
雿	6379
車	6367
墭	6365
つ	6360
ち	6307
頭	6270
ε	6264
ö	6259
風	6247
郞	6242
珮	6204
ǎ	6203
悅	6191
葉	6183
韐	6154
け	6140
婥	6138
闇	6097
韏	6095
з	6060
ｈ	6016
م	6008
ア	6006
證	5987
單	5978
馬	5973
崝	5921
み	5866
ｋ	5860
爌	5841
リ	5840
較	5794
撘	5737
龍	5728
塚	5725
姌	5679
陸	5624
迡	5622
σ	5611
凪	5597
數	5593
撣	5559
θ	5544
嫃	5534
ل	5515
箏	5467
並	5413
讓	5391
歡	5371
г	5317
ク	5297
λ	5266
え	5255
質	5253
佢	5249
嗎	5231
爲	5227
華	5220
ù	5216
選	5210
資	5208
я	5206
ｑ	5205
該	5204
難	5192
產	5188
ｖ	5153
荳	5136
そ	5003
師	4997
じ	4981
亙	4974
統	4972
ッ	4968
術	4958
號	4949
媺	4929
蟡	4924
讀	4902
變	4767
萬	4761
磾	4746
記	4730
わ	4729
摨	4728
網	4727
謝	4724
買	4699
ы	4686
遠	4680
聽	4680
б	4662
傳	4642
觀	4605
醫	4604
寫	4602
類	4599
請	4594
強	4584
й	4578
運	4537
琍	4503
ь	4499
舖	4489
楽	4478
極	4475
設	4465
ē	4460
タ	4453
ヽ	4444
詞	4398
ч	4393
嬅	4384
榊	4376
匄	4371
氣	4352
縯	4336
ょ	4318
沢	4303
將	4299
計	4272
ど	4265
區	4259
ρ	4256
シ	4255
張	4245
ｕ	4230
嶋	4225
確	4219
圖	4187
堺	4179
や	4163
せ	4162
娖	4145
媃	4143
冦	4137
視	4127
紅	4096
鴷	4093
戰	4090
漢	4086
ジ	4070
達	4055
ي	4053
價	4041
め	3996
錯	3966
處	3960
頫	3951
帶	3944
員	3938
ロ	3920
簡	3912
ō	3911
環	3901
調	3884
識	3869
眀	3868
咘	3861
標	3856
賣	3826
ο	3804
錢	3787
夋	3787
カ	3763
黃	3731
廣	3720
詨	3690
遊	3681
ド	3667
離	3649
煣	3641
聲	3637
咗	3632
約	3628
轉	3616
撌	3606
ǐ	3604
歩	3579
製	3572
縲	3569
總	3567
裝	3560
漲	3560
議	3559
聻	3539
裏	3523
瞤	3517
τ	3506
ø	3484
伱	3477
習	3474
稱	3473
專	3463
惣	3433
許	3429
誰	3421
ò	3420
レ	3413
犖	3409
ū	3407
嗙	3406
講	3397
ノ	3395
飛	3384
ه	3382
連	3381
楶	3380
渃	3379
マ	3375
歷	3372
銋	3372
毘	3352
ｙ	3297
則	3292
隊	3289
ɡ	3262
親	3250
軍	3249
昰	3249
適	3248
畠	3240
邊	3226
禩	3220
報	3211
凃	3194
瞾	3191
ろ	3190
炤	3184
撠	3182
漣	3169
フ	3162
尙	3145
兒	3133
閫	3118
線	3116
竜	3100
昚	3082
瘜	3081
妏	3077
咈	3073
寧	3063
摮	3063
節	3058
痶	3048
費	3046
鸑	3045
キ	3040
甈	3029
畫	3020
衞	3018
評	3018
伷	3014
コ	2993
鷟	2989
チ	2979
絲	2976
顗	2976
ば	2957
豊	2957
峯	2945
暱	2943
煖	2938
х	2930
輕	2906
聯	2890
𫚥	2882
齮	2881
煚	2877
維	2875
淸	2856
條	2850
羅	2850
務	2845
殺	2839
園	2839
ж	2833
試	2830
賢	2828
級	2815
ν	2813
栢	2812
雖	2806
騄	2805
鍼	2794
組	2772
綝	2768
テ	2759
蝞	2747
況	2731
權	2729
憸	2727
づ	2725
際	2723
剛	2712
啣	2711
獨	2705
滿	2692
ت	2691
蔵	2691
寔	2691
吶	2680
ひ	2678
俌	2678
実	2677
ǔ	2675
蘭	2671
隨	2650
蔢	2649
導	2641
辦	2628
樓	2623
芶	2620
蚡	2616
養	2597
騉	2595
眾	2586
哋	2585
ね	2580
猽	2579
臺	2573
決	2570
ｊ	2567
サ	2563
ミ	2553
巿	2552
狀	2548
紀	2541
終	2540
絕	2536
ι	2526
亞	2526
貐	2524
ィ	2514
オ	2501
爾	2501
メ	2493
ˇ	2484
陽	2482
ς	2477
ご	2475
魚	2474
濊	2468
毎	2468
蝚	2468
و	2460
エ	2451
迴	2447
聖	2439
ゃ	2437
剎	2434
備	2429
ê	2426
ナ	2426
憿	2416
據	2408
峇	2399
ウ	2397
興	2393
優	2387
プ	2385
瘚	2385
ム	2383
靑	2380
グ	2377
毦	2374
細	2372
ô	2355
補	2352
熲	2345
訢	2345
狌	2344
ブ	2337
獢	2336
遙	2333
夠	2332
宮	2324
續	2321
蝑	2321
態	2320
領	2320
驗	2300
佔	2297
創	2294
顯	2292
雙	2284
箇	2282
ψ	2276
嫇	2269
戦	2267
藝	2265
黨	2263
バ	2251
喺	2250
腦	2245
パ	2239
龑	2239
謂	2238
參	2224
烮	2217
苳	2216
屬	2211
驒	2207
ニ	2207
淩	2205
旳	2204
誑	2204
樰	2193
ě	2184
卻	2174
瑯	2174
餃	2171
ñ	2170
へ	2169
換	2166
釭	2161
敺	2159
蝵	2157
ш	2156
閒	2151
劻	2149
敶	2148
護	2144
啱	2142
規	2139
異	2137
瀞	2133
κ	2112
盤	2109
熱	2108
暘	2107
輯	2104
筆	2093
ャ	2089
ず	2089
僑	2085
撃	2076
團	2069
雞	2065
ツ	2061
デ	2058
鮨	2056
様	2055
談	2041
頧	2040
児	2035
貴	2022
唃	2015
錡	2014
氹	2013
ゅ	2013
龘	2013
綎	2004
ュ	2004
復	2003
鬽	1997
邧	1992
響	1989
頂	1988
ｚ	1982
嚟	1981
η	1981
ゆ	1977
討	1973
宆	1972
増	1971
劇	1967
婓	1963
舉	1959
靈	1953
逧	1952
鉷	1951
銆	1947
ェ	1943
桖	1941
韓	1935
箒	1930
營	1921
ر	1914
媽	1913
悺	1910
姪	1904
歲	1900
陳	1899
讚	1894
課	1890
勗	1890
傿	1889
灬	1881
寶	1880
練	1875
蝔	1874
搧	1872
鐵	1870
斷	1868
箄	1865
餉	1860
ほ	1856
璝	1847
ハ	1838
ǒ	1831
譯	1831
樑	1830
戲	1820
岀	1820
ㄧ	1818
詩	1815
ビ	1811
曉	1804
湳	1804
編	1803
ق	1800
卨	1800
銀	1798
願	1793
魮	1792
皝	1791
ц	1787
ダ	1780
甇	1780
広	1776
蝡	1773
ㄒ	1770
幫	1765
ﾟ	1765
禮	1760
戶	1760
窫	1754
崑	1753
ف	1748
ぐ	1743
ふ	1740
洐	1740
釆	1738
罃	1738
咵	1736
矝	1735
賽	1729
鬄	1729
俢	1728
傷	1724
ˋ	1723
聞	1722
瘞	1716
島	1711
夢	1710
嗆	1709
湧	1708
範	1705
υ	1701
麿	1700
ガ	1700
勢	1699
笹	1696
ю	1694
ش	1694
嚇	1690
館	1686
爭	1679
恵	1677
飯	1673
揾	1667
俼	1660
樋	1657
ф	1657
晹	1656
畢	1655
複	1652
瘝	1648
髮	1647
擇	1646
梶	1643
須	1642
豐	1642
餅	1634
嬢	1629
亻	1603
輸	1600
僅	1599
ë	1592
誤	1590
週	1587
舺	1586
む	1586
蘇	1582
錄	1577
載	1575
幹	1571
閬	1571
埈	1570
坲	1570
浵	1569
預	1565
採	1560
禥	1560
譛	1557
鮮	1555
査	1546
斎	1540
盡	1538
讬	1534
佈	1534
濟	1524
職	1518
構	1516
鐘	1508
層	1507
び	1505
溫	1504
訴	1504
輻	1503
妺	1503
韻	1503
寘	1502
暐	1499
噹	1499
懷	1498
ぶ	1498
衛	1496
蟜	1493
嶽	1493
嚴	1490
э	1487
頻	1483
瘨	1483
臵	1480
宀	1476
靚	1474
瑪	1474
ズ	1474
揚	1472
妡	1472
総	1466
頔	1463
獓	1462
ョ	1460
餌	1459
祤	1457
苼	1453
雜	1453
銊	1450
ぃ	1449
暠	1444
嚒	1441
嗮	1439
姸	1435
ㄇ	1434
獲	1433
瘣	1432
順	1431
啲	1431
禟	1426
暻	1426
訞	1422
蚿	1421
險	1420
歳	1418
濙	1418
黈	1416
ζ	1415
軟	1411
靜	1406
輗	1406
歐	1403
負	1401
戀	1401
ɑ	1399
蝖	1397
隻	1396
娡	1394
嫙	1392
関	1391
モ	1390
唸	1386
玗	1386
貼	1383
鳯	1382
壓	1380
呡	1380
苪	1379
藔	1378
鏐	1374
項	1369
涙	1366
碼	1365
財	1361
筿	1361
ˉ	1356
毬	1355
س	1354
丿	1353
ぎ	1351
禵	1348
繼	1344
ß	1344
変	1342
貓	1337
麵	1337
勝	1333
擃	1331
憍	1330
腳	1327
靘	1327
苝	1327
姁	1322
苮	1320
麃	1318
脷	1317
気	1311
げ	1310
姳	1308
綠	1307
亂	1306
拋	1301
積	1301
貨	1299
戸	1295
註	1294
š	1287
臉	1286
綽	1286
賜	1284
ع	1284
槻	1284
憓	1283
煕	1281
悾	1280
ن	1278
凉	1278
擊	1274
凖	1274
颲	1273
郕	1271
伕	1268
べ	1265
蓮	1259
姀	1259
丟	1256
憟	1255
薦	1254
悳	1253
釋	1248
撱	1248
誌	1247
曆	1247
旑	1247
僜	1246
唦	1243
兇	1242
髙	1241
惡	1236
納	1236
囯	1236
淚	1235
彊	1233
缼	1229
蝢	1227
鏡	1226
鋗	1224
麗	1223
鬆	1223
玊	1223
簽	1221
発	1219
嗻	1217
諸	1215
蛻	1214
徹	1204
ξ	1203
脇	1203
啗	1200
脫	1194
褔	1191
歸	1191
純	1190
黙	1187
セ	1184
乛	1183
ㄚ	1182
階	1182
嫊	1182
藥	1181
氵	1181
枼	1178
藍	1175
紙	1174
県	1174
眞	1174
鞥	1167
鐇	1165
慮	1162
緊	1160
訫	1156
対	1154
矅	1152
欗	1149
鮠	1147
ざ	1146
圍	1146
沬	1145
ワ	1143
孃	1143
ˊ	1142
圂	1142
爺	1137
ケ	1136
敹	1136
汏	1133
説	1132
責	1132
鳥	1127
î	1119
蝟	1119
膚	1119
矟	1119
洬	1119
顏	1118
乢	1118
鍵	1118
奧	1113
購	1111
眘	1111
庒	1108
ح	1107
滅	1106
岡	1105
煙	1104
澝	1104
χ	1102
俀	1102
ァ	1098
痋	1097
葇	1096
陰	1093
婾	1093
夲	1090
減	1086
額	1086
殑	1086
ネ	1086
鶄	1081
啟	1079
ボ	1079
慣	1077
昞	1077
羨	1076
劉	1073
黓	1073
粵	1072
紘	1070
乗	1070
餘	1068
醬	1068
栃	1063
戼	1063
寛	1062
觸	1062
堅	1061
銷	1061
橫	1061
憪	1060
壞	1057
頞	1057
琌	1057
囉	1056
舊	1054
炪	1054
鐩	1052
莐	1048
簷	1044
鑑	1042
涼	1039
焸	1038
橚	1037
豬	1036
獵	1033
扥	1032
亁	1031
菴	1031
峫	1029
噁	1027
羣	1026
卲	1025
慾	1023
乣	1023
緑	1021
膠	1016
曄	1015
穂	1014
幣	1013
々	1012
阯	1012
誠	1011
瀬	1009
蓋	1009
沴	1009
囖	1006
鮡	1006
紸	1005
淨	1004
ﾉ	1001
熿	1001
ソ	999
敗	996
硃	995
遺	993
稜	991
劃	990
抜	990
賭	989
滾	988
勄	986
이	982
俆	982
緣	980
鉄	979
氂	978
吳	977
執	977
曽	977
彈	976
ポ	973
燝	973
驚	972
艸	972
燿	971
ز	969
剝	969
傑	968
盻	963
賊	960
鈊	960
囘	960
敎	959
鄩	957
絡	957
衝	956
娰	956
蟲	955
臨	955
紹	955
杬	953
収	952
ピ	950
瑸	948
咢	948
攝	946
隱	945
ㄉ	944
縑	944
績	942
蹻	941
緈	938
籇	936
隸	935
趙	932
紋	931
č	931
鱇	929
痩	929
ヤ	929
虛	928
頝	928
頍	927
嫆	927
蝷	925
訊	925
輩	923
勅	923
壽	921
ب	920
鍊	920
揮	920
ゴ	917
瓌	917
ベ	916
蔣	915
樹	915
犭	914
団	913
靕	913
圏	911
阝	909
協	908
測	908
鮟	908
旼	906
倫	904
掛	904
獻	904
ط	903
鵟	897
щ	896
訓	895
紝	895
蝐	895
飖	895
蘋	894
騙	888
恥	887
晄	887
鬥	885
嬃	883
諾	882
遶	882
齾	882
廻	880
閱	880
顧	879
塊	878
寯	878
ə	875
楊	873
込	869
瞐	869
農	867
飲	865
賬	864
詝	863
譏	863
誨	862
搵	861
屛	861
瑺	861
擔	858
鄉	858
衭	856
竗	855
穩	854
蜑	854
蠍	852
齊	851
佲	851
娿	850
騎	849
呑	849
楛	848
嫤	847
築	846
倵	846
莊	845
棄	843
潔	843
暸	843
焽	842
ぼ	840
梉	837
奷	833
婰	833
ض	832
澆	831
厷	828
憶	827
嬌	827
娷	827
廜	827
喲	826
誐	826
獎	825
ð	824
ㄟ	823
魯	822
贊	821
罵	821
ヾ	820
冧	820
織	819
髈	818
鏈	818
痺	815
榎	812
監	810
伝	810
蝨	809
洩	808
輪	806
ぬ	806
呿	805
圓	804
頓	803
ł	800
ザ	800
驊	797
緒	795
捲	795
坵	794
賞	792
ヒ	792
筳	791
ئ	786
駁	786
蚠	783
孫	782
尋	781
旉	780
辺	778
姵	778
棈	777
閖	776
涽	776
貝	774
ć	774
療	774
磓	774
纁	774
遫	771
鯙	771
鱬	771
煩	770
嫲	770
遲	767
蔘	767
憒	767
巣	766
潛	766
ń	765
蠎	762
肶	762
礎	761
ㄏ	760
頵	759
億	758
橋	757
ギ	757
劜	756
脣	755
ヘ	754
岺	753
燈	749
唻	749
د	749
矖	749
勞	748
颱	748
僕	747
鎗	746
墵	746
訪	745
焢	745
衤	745
魟	742
寙	742
伮	742
鳴	741
ゲ	739
魙	739
舎	734
ぞ	732
驥	732
婗	732
慶	731
針	731
焠	731
埜	729
帥	728
衹	727
専	725
臸	725
霫	724
蟶	724
覠	723
沖	720
吙	720
殘	719
譁	719
擁	718
骔	718
佉	716
縡	715
薫	714
鵙	713
娭	712
膩	711
憌	711
漸	710
軏	710
幷	709
怴	709
齡	707
槡	707
ホ	706
弍	706
轘	705
繆	705
ı	704
榮	703
競	703
蜧	702
譜	701
駅	701
愰	700
狛	700
閉	699
㑩	699
虜	698
敵	697
薩	696
廳	696
峠	695
賺	694
閧	693
橓	692
狅	692
寳	691
敍	690
玅	690
淓	689
顒	689
賡	688
弾	687
窶	685
審	684
窮	683
毑	683
鋐	682
灊	682
逹	681
趰	681
繫	680
砃	680
腸	679
闆	679
ㄅ	676
佷	675
廍	674
唎	673
尐	673
罷	672
巻	672
譌	671
厭	670
行	668
龔	668
産	667
壇	666
妴	666
獸	665
訂	665
樉	665
眛	664
ペ	664
倶	664
侓	664
証	663
褲	663
譚	663
伬	662
恏	662
詳	661
鍋	661
倆	660
紡	660
壼	660
유	658
塭	657
驩	654
湦	652
ё	651
蒼	651
墿	651
澤	650
逕	649
峳	649
煇	647
圡	647
岄	645
杮	645
跡	645
蟞	645
鶵	644
賨	643
皜	643
謌	643
勥	643
禸	642
賒	642
扚	640
縣	639
ユ	639
側	639
腎	639
晉	638
佫	637
銘	636
辭	635
鈤	635
冚	634
衜	634
鄭	633
頁	633
烸	633
潶	632
輝	632
堗	632
偉	631
ㄨ	631
臥	630
輔	629
檢	629
違	628
鈦	628
泧	627
挻	625
曇	625
朶	625
獄	625
爀	625
菻	625
傢	624
ぜ	624
阬	624
跦	623
า	621
澐	620
歴	620
濆	618
鐤	618
螚	618
贏	615
ㄘ	615
駄	613
蠻	611
匯	611
巂	611
綄	611
姎	611
鳳	610
鉨	610
槙	610
晳	610
閪	608
寀	608
蠪	608
罒	607
ぁ	606
罭	606
靐	605
搖	602
ŋ	602
聰	601
飾	598
縮	596
壆	596
佀	594
燒	593
釣	593
瑊	593
媌	593
溝	592
郵	592
趕	591
頨	591
経	590
逩	590
玏	589
廌	588
嘗	588
梂	587
湊	587
焴	587
湯	585
蒾	585
拏	584
畊	584
婦	583
廠	582
庫	582
雬	582
冊	578
弎	578
豲	578
駮	576
枱	576
羗	576
陣	575
不	575
刪	575
滽	573
鍙	572
鐭	571
倉	570
蔭	570
崋	568
満	567
芔	567
鶸	566
噴	563
盜	562
廢	561
忬	561
塵	560
沵	560
ㄋ	559
稅	559
鋹	558
暼	556
汌	556
鋼	554
鋒	551
筊	551
瓛	551
郲	551
爛	549
烏	549
ร	549
牽	549
詢	548
豈	548
璹	548
呉	548
嗰	547
玬	547
獷	547
戠	546
ی	544
髪	544
陦	544
損	543
扌	542
顔	542
鬧	541
萊	541
ś	541
妝	540
儘	539
続	539
倢	539
熺	539
傚	538
傾	537
睱	537
đ	536
堔	536
硂	536
堻	535
騲	535
吥	534
ぱ	532
氬	532
峩	532
婣	532
繙	531
荵	530
綜	529
茻	529
儀	528
嵍	528
ş	527
菫	526
轒	522
猶	522
夂	522
顆	521
錶	521
惗	521
閤	521
ί	520
奀	520
絶	520
渉	520
磈	519
緻	518
檒	518
隠	516
頑	516
莣	516
鮈	515
媟	511
鎖	511
湶	508
熦	508
ォ	507
û	507
賓	506
惻	506
𫚉	505
灝	504
蝛	504
ㄌ	503
鎮	503
喬	503
煐	503
牆	502
懶	502
ゞ	502
鐨	502
遞	502
噏	502
邏	502
焼	502
躄	502
ž	501
駼	501
鮰	499
雰	499
帳	498
禪	498
脈	498
瑈	497
彠	497
ʰ	496
岕	496
讠	496
掃	495
ㄈ	495
愬	492
穏	492
扜	492
転	491
寬	491
媏	491
醜	490
嶈	490
蝳	490
薃	489
幵	488
ă	487
邟	487
𫚒	486
擺	485
俬	485
苰	484
癒	484
鹽	483
髣	483
畾	482
澞	482
檔	481
薑	481
覽	481
妎	481
ㄆ	480
嫏	480
躘	480
嗚	479
冭	478
翜	478
嵐	477
ゝ	477
ά	477
嶶	477
憂	477
焄	477
煉	476
剣	475
権	475
豿	475
嫀	475
鬱	474
น	473
漙	472
塩	472
囓	471
י	471
鍏	471
蟰	471
鄧	470
峮	470
銅	469
閠	469
炋	468
偱	467
癡	466
臟	465
潤	465
刓	465
躍	464
刂	464
併	463
劍	463
鑨	462
禑	462
猼	462
謾	462
邇	462
羙	462
睪	461
鋡	461
贇	461
謚	461
粆	461
謙	460
蹓	460
嚢	460
盃	460
塽	459
彿	459
灜	459
咹	459
ぷ	458
圝	458
狤	458
淺	457
仌	457
肅	456
勲	455
賑	455
ヴ	455
鉏	454
仼	454
冖	454
騊	454
炑	454
र	453
𪸩	453
崐	451
筃	451
杦	450
勳	449
ㄎ	449
薬	448
滯	448
嘂	448
籤	447
偽	447
昍	447
脰	447
亰	447
憑	446
狓	446
擬	445
徴	444
龒	444
搶	443
ㄐ	443
犳	443
槍	442
玔	442
郷	441
琸	441
鵸	440
訣	440
蠑	439
貿	438
勷	438
襲	438
夊	438
毀	438
年	436
瓥	436
筕	436
婬	435
渋	435
騾	435
昘	435
莵	435
鞪	434
氼	434
抦	433
ㄠ	433
艦	432
涚	432
恆	431
度	431
理	431
蝝	430
応	430
鼑	430
賴	429
闍	429
咾	429
ό	428
頼	428
噋	428
ъ	427
痲	427
観	427
柸	427
灘	427
衆	427
鑛	426
両	426
酓	426
亜	425
絵	425
凕	425
丒	425
穌	424
唓	424
狶	423
掱	423
枟	422
浖	422
淐	421
餵	420
捨	420
铓	420
昸	420
髒	419
陮	418
暫	417
黐	417
鄷	417
ヨ	417
紛	417
眳	417
診	416
ו	416
笵	416
仮	416
彡	416
埀	415
瑥	414
抺	413
鵌	413
ý	412
読	412
奣	412
儃	412
紐	411
韡	411
姉	411
啯	411
賦	411
虡	411
辯	410
祡	410
枈	410
貧	409
乧	409
巘	408
仏	408
鷩	408
厲	407
屽	407
钅	406
閩	406
糾	405
炴	405
勁	404
託	404
濃	404
顕	404
리	404
縱	404
嶺	404
渧	403
揺	402
屻	402
柾	402
歔	402
襍	402
籙	402
燦	401
다	401
悕	400
髱	400
猲	400
지	399
壻	399
髆	399
麥	398
鮀	398
褆	398
鬾	398
閣	397
圤	397
閃	396
憯	396
鬚	396
昐	395
蠵	395
濼	395
蘿	394
崱	394
奼	394
鴁	394
謀	392
莖	392
浿	392
効	392
鉾	392
蘷	392
ゼ	391
麐	390
録	390
鎓	390
雮	390
災	389
罰	389
蔴	389
溿	389
騰	389
閭	389
錵	389
汮	389
蕭	388
燄	388
擾	387
値	387
ˈ	386
鯓	386
讃	386
㭴	386
థ	386
紬	386
ㄥ	385
礡	385
酔	384
吿	384
碻	384
懃	384
鱀	383
彙	383
囸	383
ง	382
豖	382
塗	381
嵙	381
乭	381
箎	381
ة	381
礙	380
磝	379
腫	378
歭	378
蟇	378
洉	378
镹	377
蹟	376
暺	376
琹	375
騨	375
従	374
桝	374
驕	373
樛	373
і	373
아	372
悪	372
溼	371
夆	371
藴	371
獅	370
屆	370
粧	370
踆	370
駕	369
誕	369
ぽ	369
魖	369
貍	368
稲	368
巠	368
繪	368
惞	368
廸	367
昑	367
颯	367
鴖	366
臶	366
粋	365
缷	365
亣	364
閦	364
俠	364
単	364
摫	364
慘	363
ɛ	363
睙	363
灺	362
茍	362
覩	362
驟	361
傔	361
懆	361
侞	361
兠	360
憐	359
臓	359
袓	359
潃	359
煭	359
徬	358
衪	358
隣	356
艷	355
栞	355
鼇	355
琺	355
夾	354
誇	354
镼	354
腡	354
鎌	353
한	353
軸	352
詐	352
鐡	352
瘋	351
砢	351
ㄍ	351
鬬	351
轟	350
諤	350
猀	350
壯	349
하	349
籓	349
ぇ	349
苅	349
瑤	349
甝	349
銭	348
亊	348
忄	347
皐	347
灆	345
磘	344
錦	343
葲	343
龐	342
袧	342
대	341
隷	341
楢	341
獳	341
咜	341
蟄	341
誘	340
蝦	340
歺	340
揦	340
蹡	340
筸	339
ㄤ	338
棲	337
枂	337
เ	336
蔔	336
翫	336
纔	336
焫	336
饦	336
嚈	335
玆	335
ก	335
捜	335
遷	335
凱	334
ㄛ	334
ǖ	334
杘	334
貎	334
廮	334
籣	334
嵪	334
사	333
貢	333
濶	333
來	333
廚	333
廈	332
ɔ	332
暔	332
铦	331
営	331
擴	331
灹	331
詠	330
摯	330
頗	330
啓	330
倣	329
蠔	329
宭	329
蔥	329
謠	329
譽	329
嚩	329
ʔ	328
기	328
穀	328
緤	328
鎍	327
䲗	327
鎚	326
奪	326
槺	326
涳	326
碂	326
霊	325
娛	325
掲	325
裵	325
鮗	325
凨	325
賤	324
覚	324
ㄣ	323
沰	322
어	321
緩	321
匂	321
盌	321
荌	321
墌	321
อ	320
蝱	320
昜	319
褀	319
涬	319
曚	318
雑	318
糺	318
漛	318
奮	317
塙	317
가	317
撚	316
鈴	316
濕	316
帯	316
ย	316
渕	316
ㄗ	315
呬	315
鱚	315
滄	315
禦	315
枡	315
鈅	315
澔	314
婄	314
吪	314
豔	313
賀	313
õ	313
験	313
獣	313
溙	313
鍍	313
ม	312
闘	312
沝	311
佹	311
掟	311
鉻	311
遈	311
樁	311
僢	310
硏	309
良	309
鹹	309
雚	309
悙	309
鳩	308
販	308
賠	308
頋	308
ج	308
菑	308
羮	308
鍠	308
ư	307
沕	307
柭	307
漜	307
覌	306
婖	306
虨	306
痷	306
霐	306
ḥ	305
þ	305
儛	305
朢	305
趩	305
汢	305
橿	304
溰	304
貞	304
눈	304
鑽	303
籃	303
ㄊ	303
ส	303
狖	303
鍦	302
ಥ	302
攞	301
騒	301
揹	301
歛	301
萫	301
馎	301
刢	301
飄	300
ㄩ	300
粦	300
覧	300
盩	300
伜	300
謖	300
沷	300
ㅋ	299
瑩	299
萇	299
簙	298
槅	298
ك	297
犵	297
櫂	297
祔	296
罣	296
㚻	296
貙	296
涆	296
冨	295
嵉	295
荺	295
馪	295
籐	294
霧	294
擭	294
貜	294
偐	294
汖	293
殭	293
訳	293
堏	293
鴨	292
醃	292
閾	292
敇	292
倎	292
隕	292
鍾	291
齒	291
ˍ	291
김	291
膄	291
憤	290
憲	290
涒	290
淰	290
郎	290
珤	289
偀	289
苢	289
盧	288
諲	288
錃	288
ɪ	287
彥	287
ㄖ	287
楬	287
絣	287
繞	286
ה	286
柟	286
嚐	286
ㄝ	286
ﾞ	286
苙	286
辶	286
桒	286
儍	285
ㄑ	285
窰	285
巺	285
徑	284
撲	284
劏	284
猔	283
枊	283
鱥	283
祹	282
窋	282
鏃	282
厔	282
璶	282
έ	281
踼	281
鯻	281
頠	280
趨	280
喪	280
僊	280
暒	280
睌	279
秊	279
燫	279
甶	279
翵	279
ㄔ	278
न	278
璅	278
螻	278
踐	277
噸	277
의	277
煾	277
驅	276
서	276
錞	276
麤	276
驛	276
棩	276
髴	276
靇	276
軱	276
飽	275
栄	275
貚	275
嬣	275
亀	274
壂	274
犲	274
呂	273
錫	273
貫	273
帤	273
烵	273
貪	272
蟳	272
璤	272
犂	271
요	271
鍗	271
槫	271
涏	271
銲	270
鋪	270
桼	270
姖	270
謨	269
나	269
呪	269
紮	268
碞	268
勵	268
珆	268
苩	268
昛	268
瀶	267
媜	267
縫	267
力	267
劦	267
姦	266
剉	266
迆	266
嫮	266
僷	266
踴	265
眔	265
赲	265
撐	264
鶤	264
棡	264
釖	264
凍	263
鞞	263
槦	263
撈	262
帰	262
鍒	262
撗	262
豎	262
饣	261
勦	261
壊	261
浄	261
焅	261
暢	261
魣	261
駐	261
繍	261
氺	261
訑	261
瞓	260
礻	260
정	260
遜	260
礕	260
鍚	260
乷	260
墬	259
ː	259
א	259
踫	259
謗	259
擠	259
ㄢ	258
龖	258
詻	258
睩	258
慒	258
諷	257
餓	257
에	257
琋	257
ヶ	257
済	257
諡	257
継	257
膽	257
図	257
輛	257
ή	256
軌	256
搾	256
攵	256
爞	256
籌	256
ר	255
暉	255
鑒	255
駛	254
屍	254
侶	254
歠	254
颻	254
禍	253
고	253
渶	253
検	253
圧	253
艶	253
狟	253
漁	252
鉲	252
성	252
縁	252
晈	252
梲	252
龜	251
鞊	251
鶴	251
莟	251
犮	251
吢	251
碩	250
鰶	250
ว	250
鰤	250
疒	250
謹	250
鄒	250
纖	250
哬	250
誾	250
諒	249
軒	249
淲	249
髄	249
數	249
皁	249
羆	249
曬	248
搥	248
斿	248
量	248
賈	247
錘	247
迵	247
峽	247
袽	247
擧	246
臯	246
圀	246
晬	246
藇	246
剰	246
竼	246
繖	245
諧	245
朮	245
覤	245
霥	245
ğ	244
癥	244
敾	244
厓	243
禼	243
羋	243
唅	243
旛	242
嗱	242
倅	242
毚	242
獜	242
惒	242
鵉	242
唄	241
処	241
鄮	241
蹏	241
도	240
म	240
苺	240
ա	240
ぺ	240
媮	240
侫	240
罥	239
礦	239
鍔	239
頰	238
挾	238
銳	238
동	238
樴	238
鴒	238
裪	238
鵝	237
欄	237
慓	237
ṣ	237
蜯	237
懸	237
鞗	237
敘	237
窩	236
鴻	236
ύ	236
荘	236
脤	236
鈡	236
謬	236
疊	236
捊	236
煵	236
蛖	236
懼	235
夻	235
鄰	234
巜	234
纟	234
ל	234
論	234
嵜	234
謐	234
寵	234
廟	234
簶	234
鴣	234
儶	234
鈞	233
त	233
嵕	233
參	233
ヌ	233
裀	233
匁	233
杣	233
仩	233
奐	233
働	232
堈	232
甿	232
葁	232
奾	232
渁	231
綿	230
ى	230
僱	230
曤	230
顛	230
利	230
凵	229
滝	229
碔	229
주	228
樫	228
क	228
裇	228
ą	228
彌	228
熒	227
悶	227
矇	227
掤	227
彎	226
ゾ	226
ぅ	226
褁	226
鯥	226
乀	225
撉	225
侌	225
汣	225
灐	225
臘	224
氷	224
鈥	224
巟	224
濘	224
ɕ	223
鄤	223
冑	223
禎	223
朅	223
刴	223
柤	222
ř	222
暦	222
輿	222
斬	222
燨	222
ぴ	221
鏉	221
寑	221
穉	221
鍥	221
淛	220
禨	220
خ	220
暎	220
鎯	220
兎	220
壺	220
料	219
睒	219
鍛	219
怰	219
軘	219
騷	218
廞	218
鏄	218
冫	218
鏂	218
迒	218
糓	218
樤	218
廁	217
蝪	217
戝	217
朩	217
綱	217
貹	217
塟	217
阾	217
茠	217
筎	217
勸	216
라	216
醂	216
褄	216
侽	216
償	215
惱	215
嗢	215
氳	215
栆	215
跘	215
虳	215
璉	214
哴	214
蒳	214
懽	213
蘓	213
琿	213
貸	213
嵂	213
瑫	213
綫	213
臋	213
浤	212
愖	212
蕩	212
橤	212
旜	212
穦	212
ㄕ	211
해	211
緱	211
櫃	211
오	210
莾	210
滈	210
槓	210
晥	210
磚	210
豋	210
爐	210
傪	210
騩	210
寍	210
撽	209
仈	209
繚	209
樸	209
羃	209
飸	209
䦆	209
糧	208
ท	208
倖	208
庁	208
勮	208
徧	208
寉	208
讙	208
廴	208
逇	208
ゥ	207
ǜ	207
鴫	207
烱	207
甁	207
筪	207
嘙	207
廼	206
स	206
簗	206
紗	206
蒍	206
嵥	206
妱	206
債	205
자	205
韮	205
狕	205
盬	205
鐚	205
呰	205
貶	204
渘	204
ש	204
偪	204
摠	204
訔	204
鋋	204
鷹	204
鱵	204
鰆	204
鷿	204
鮞	204
수	203
竊	203
軽	203
蠅	203
ㄜ	202
歎	202
鯈	202
棟	201
猘	201
우	201
賂	201
ღ	201
譫	201
尡	201
兯	201
는	200
喯	200
哷	200
了	200
ㄦ	199
撫	199
淍	199
廯	199
鑲	199
琁	199
妸	199
粨	199
踘	198
प	198
紞	198
국	198
㓥	198
毣	198
匨	198
ṭ	197
ล	197
일	197
은	197
閨	197
悧	197
忶	197
誦	197
縄	196
丄	196
ṇ	195
陜	195
瞇	195
巃	195
牀	195
尷	195
僾	195
姛	195
絟	195
櫺	195
曺	194
頸	194
躹	194
袑	194
澣	194
甠	194
奻	194
怮	194
韋	193
敤	193
痠	193
棷	193
邁	193
鞶	193
礉	193
豷	192
尫	192
厐	192
מ	192
憡	192
烒	192
噺	192
噽	192
羷	192
颰	192
泈	192
訸	191
ʻ	191
嘆	191
瑒	191
昦	191
鏻	191
㔉	191
漿	190
ב	190
譔	190
欅	190
価	190
衁	190
閲	189
𫚔	189
旽	189
綺	189
褭	189
韺	189
梡	189
杶	189
擋	188
ת	188
墻	188
勫	188
謎	188
ƒ	188
欵	188
吚	188
ʌ	187
鱻	187
喫	187
鬪	187
纍	187
睟	187
齣	187
絛	187
諱	187
虧	187
濎	187
裞	187
渏	187
呠	187
犧	186
壱	186
霙	186
鐢	186
嚱	186
絔	186
靣	186
晛	185
籠	185
潡	185
呮	185
締	185
諮	185
螀	185
埑	185
諴	185
浶	185
罫	184
杺	184
揷	184
蹍	184
楃	184
偆	184
咷	184
晎	184
妠	183
盺	183
寢	183
暁	183
襌	183
인	183
ṃ	183
喨	183
庲	183
鍐	183
邔	183
瀮	183
俈	183
ծ	182
釴	182
汙	182
騧	182
殤	182
瞊	182
ㄙ	181
ạ	181
鄡	181
스	181
纏	181
哖	181
飢	181
戻	181
抷	181
滳	181
湥	181
穎	180
闊	180
œ	180
원	180
坧	180
㞞	180
滮	180
誒	179
ơ	179
捒	179
唭	179
祅	179
栫	179
挙	179
痌	179
兌	179
荊	178
鈣	178
禆	178
竴	178
闡	178
鞿	178
愂	178
呟	178
悊	177
그	177
鵰	177
嫰	177
夽	177
ę	177
鬮	177
流	177
榠	177
饏	177
미	176
พ	176
을	176
祿	176
贈	176
鵱	176
剻	176
ะ	175
嗗	175
로	175
儵	175
儲	175
癢	174
眜	174
欉	174
婑	174
攤	174
琠	174
鏳	173
ň	173
聡	173
마	173
遼	173
朥	173
諠	173
濁	173
峼	173
蓜	173
樒	173
偙	173
ต	172
袥	172
睍	172
馮	171
鼌	171
駹	171
灑	171
瀏	171
慍	171
鐲	171
弒	171
毟	171
니	170
櫈	170
ल	170
व	170
金	170
尒	170
攷	170
惈	170
勻	170
魀	170
賁	170
垻	169
潰	169
獂	169
畷	169
捥	169
嫧	169
嬰	168
齋	168
द	168
蝒	168
塀	168
轤	168
柛	168
稥	168
勑	168
慤	168
ห	167
燉	167
ས	167
朣	167
筈	167
牷	167
僶	167
嘠	167
侜	167
嶨	167
ག	166
䌷	166
傜	166
戓	166
圞	166
癎	166
侀	166
緯	166
麯	166
歾	166
鷏	166
殽	165
湼	165
ა	165
嶌	165
螌	165
瞉	165
鑰	165
韘	165
鐏	165
窛	165
噓	164
ǚ	164
전	164
筍	164
脅	164
蝸	164
垝	164
憛	164
蛪	164
闕	163
야	163
邉	163
獏	163
너	163
繃	163
率	163
ヲ	163
棌	163
叧	163
遉	163
眴	163
涥	163
瓟	163
帿	163
殜	163
熐	163
坴	163
楓	162
鄍	162
ぉ	162
邆	162
騋	162
櫁	162
栿	162
偍	162
倱	162
傘	161
시	161
ʃ	161
屰	161
肀	161
颕	161
仹	161
笀	161
崈	161
灃	161
俛	160
ص	160
ด	160
湪	160
更	160
丅	160
凗	160
綾	159
漥	159
懐	159
冂	159
磯	159
墮	159
啌	159
掅	159
誼	158
聼	158
濄	158
煫	158
喚	157
綁	157
襯	157
湅	157
楤	157
鷇	157
砙	157
骻	157
蹤	157
殼	156
忓	156
澚	156
氶	156
噚	156
敨	156
髥	156
墲	156
보	155
枓	155
র	155
簾	155
溂	155
羾	155
儏	155
祌	155
毝	155
駒	154
구	154
枬	154
罝	154
ゑ	154
勬	154
熷	154
장	154
凈	154
眧	154
頒	154
谺	154
穣	154
厽	154
仴	154
淵	153
嚧	153
य	153
聴	153
舘	153
呭	153
駆	153
珜	153
ő	153
瑎	153
峈	153
撥	152
ㄞ	152
齢	152
墊	152
攜	152
滲	152
寕	152
樻	152
𩷶	152
伩	152
枌	152
鎬	151
盝	151
嚮	151
閑	151
丷	151
唌	151
咶	151
砅	151
馳	150
睏	150
覇	150
閮	150
소	150
박	150
筩	150
袮	150
犛	150
棑	150
旂	150
犺	150
棗	150
峎	149
ک	149
玨	149
岃	149
蜺	149
𫊻	149
癮	149
刕	149
翏	149
姼	149
ㄡ	148
焮	148
鸂	148
訷	148
ד	147
麺	147
丂	147
蚐	147
椇	147
劑	147
蟃	147
鱤	147
樏	146
ż	146
絪	146
진	146
悽	146
朿	146
絺	146
碦	146
滐	146
頲	146
교	145
จ	145
ǘ	145
欽	145
莬	145
ʁ	145
凜	145
灥	145
嗛	145
斱	145
ㅂ	144
堦	144
崙	144
여	144
慦	144
偵	144
狵	144
荈	144
頃	144
疇	144
澨	144
啇	144
黴	144
慡	144
獆	144
遯	143
潑	143
嵒	143
僩	143
珃	143
비	143
蓕	143
頌	142
墜	142
أ	142
鎜	142
บ	142
伡	142
庝	142
嬪	142
鍱	142
鮌	142
만	142
螢	142
繩	142
楧	142
冿	142
熕	142
蜰	141
釪	141
萓	141
喌	141
伇	141
荎	141
誴	141
穘	141
佒	141
嘼	141
鱗	140
랑	140
ヅ	140
路	140
艱	140
瑿	140
幰	140
瘔	140
緕	140
蠦	140
勀	140
濫	139
𫊸	139
驎	139
斉	139
卩	139
嬫	139
渾	139
挐	139
艙	139
橖	139
岏	139
堜	139
鍑	138
ә	138
阨	138
ლ	138
訏	138
陝	138
倰	138
焻	138
鏀	138
魴	138
柺	138
泒	138
襪	137
璂	137
荅	137
傛	137
囲	137
惪	137
濱	137
虁	137
조	136
豝	136
湁	136
叞	136
ע	136
偣	136
狹	136
郩	136
蚢	136
険	135
བ	135
鱲	135
鎵	135
啍	135
경	135
영	135
䱛	135
銛	135
傋	135
朌	134
鍖	134
נ	134
亠	134
熈	134
闃	134
齕	134
絨	133
호	133
瞏	133
鈺	133
세	133
刄	133
嫈	133
鎧	133
민	133
鍮	133
무	132
ར	132
내	132
斲	132
檯	132
綴	132
산	132
蟢	132
縛	132
烅	132
안	131
繋	131
卝	131
錤	131
踰	131
囦	131
鞓	131
釗	131
喼	131
咟	131
飆	131
篩	131
鵬	131
炏	131
閥	131
翍	131
鎴	130
ј	130
부	130
瑣	130
鉛	130
畮	130
諢	130
袿	130
蚑	130
涭	130
塁	130
𣎴	130
舑	130
唍	130
獝	130
鬍	129
鞄	129
신	129
ช	129
ţ	129
蓨	129
錑	129
舙	129
孒	129
庬	129
鎶	128
ი	128
掙	128
ㅠ	128
縚	128
偼	128
夃	128
蓅	128
湤	128
岼	128
沍	128
鵹	128
唋	128
謊	127
閻	127
鯷	127
釿	127
譲	127
笉	127
岴	127
歑	127
울	127
轄	127
洤	127
萉	127
譖	127
檤	127
鼉	127
皌	127
문	126
疎	126
駉	126
叜	126
矯	126
桿	126
坮	126
椄	126
姡	126
塨	126
鮻	126
罖	126
鯨	126
絳	126
鋭	126
鬿	125
闌	125
犠	125
觔	125
叢	125
兟	125
鞕	125
挒	125
ฅ	125
嘸	125
嬍	125
竕	125
饒	124
䓕	124
匋	124
糞	124
蘊	124
例	124
瀉	124
麊	124
逷	124
滙	124
窪	124
敀	124
臛	123
坖	123
崗	123
硶	123
蝀	123
鋬	123
檨	123
泩	123
塠	123
偒	123
祘	123
淪	123
魜	123
啝	123
湇	123
熤	123
琻	123
ʕ	122
瀷	122
제	122
牪	122
乄	122
脳	122
枏	122
緬	122
鎹	122
鎺	122
侾	122
櫻	121
椙	121
斒	121
ө	121
拠	121
膍	121
ད	121
搨	121
இ	121
銙	121
輦	121
袡	121
訝	120
ह	120
ｪ	120
燙	120
ｰ	120
ˑ	120
廂	120
鉅	120
緖	120
塲	120
佪	120
譟	120
埅	120
炾	120
躙	120
嵤	120
치	119
ἀ	119
惓	119
ệ	119
闢	119
燻	119
曖	119
萢	119
婐	119
磳	119
騑	118
ग	118
戯	118
槩	118
학	118
噉	118
洊	118
贋	118
窓	118
掻	118
琗	118
瓏	118
腄	117
ị	117
紥	117
頀	117
釦	117
婂	117
擼	117
竒	117
姃	117
厰	117
珘	117
貳	117
浗	117
勭	117
輋	117
吘	117
嵦	117
婋	117
씨	116
牴	116
현	116
馴	116
吺	116
懹	116
車	116
蝕	115
역	115
㖞	115
駿	115
남	115
ώ	115
𪻺	115
화	115
鯉	115
〆	115
立	115
梛	115
盇	115
湋	115
哤	115
瑋	114
غ	114
ʂ	114
槸	114
鍜	114
尃	114
ế	114
厡	114
彫	114
釀	113
鷄	113
餽	113
倽	113
ค	113
軚	113
寖	113
鎔	113
繡	113
竇	113
徃	113
簨	113
垇	113
濤	112
瞈	112
송	112
舗	112
疪	112
懗	112
湻	112
易	112
陁	112
糥	112
繳	112
闉	112
宔	112
焺	112
獥	112
茷	111
ố	111
선	111
鎭	111
庅	111
게	111
塰	111
牞	111
樔	111
囂	111
蜼	111
용	111
鵾	111
拰	111
撴	111
嶼	111
獊	111
爠	111
宎	111
晵	111
睂	111
鱳	111
바	110
說	110
笂	110
堿	110
상	110
刋	110
ן	110
畧	110
竝	110
譎	110
脽	110
稾	110
鰰	110
柲	110
愽	110
瞷	110
樺	110
滌	110
侚	110
赨	110
乁	109
楳	109
奤	109
ն	109
訛	109
譓	109
弐	109
菋	109
庡	109
ɣ	108
倷	108
䇲	108
鬢	108
ם	108
ễ	108
啹	108
醸	108
榥	108
壘	108
喛	108
猨	108
祫	108
鮑	108
巔	108
類	108
祍	108
蕅	107
籾	107
杢	107
灅	107
悎	107
衕	107
亾	107
賛	107
労	107
ম	107
摂	107
蔠	107
籺	107
戞	107
旈	107
舦	107
爩	107
鮋	107
攪	106
檸	106
搆	106
鐗	106
거	106
兩	106
銜	106
拝	106
睘	106
扗	106
浀	106
瓊	105
ḍ	105
覥	105
瘮	105
연	105
噠	105
鉆	105
ʷ	105
屭	105
椥	105
滬	105
絆	105
遅	105
鱓	105
糀	105
鶒	105
連	105
帠	105
魭	105
吇	105
袸	105
嫬	105
嚜	104
忔	104
詭	104
暍	104
錐	104
哫	104
暈	103
ờ	103
ʒ	103
瓈	103
幐	103
천	103
睗	103
黫	103
闄	103
胵	103
灀	103
滷	102
眕	102
旡	102
ả	102
甃	102
怱	102
糰	102
鐜	102
穫	102
喅	102
鯸	102
芉	102
愄	102
蹱	102
柍	102
獡	102
魼	102
捘	101
簒	101
ộ	101
阛	101
竢	101
甽	101
鈇	101
珎	101
榣	101
慄	101
ﾊ	101
媁	101
ذ	100
ज	100
श	100
曁	100
隄	100
ș	100
嶕	100
髞	100
秏	100
鑄	100
瞆	100
獋	100
砎	100
翹	99
珔	99
ậ	99
蘗	99
汚	99
鏁	99
燭	99
畐	99
徆	99
飡	99
埧	99
왕	99
양	99
脹	99
闬	99
泴	99
丮	99
蹔	99
棆	98
洀	98
亼	98
熸	98
厹	98
恠	98
榼	98
嵿	98
پ	98
謤	98
孮	98
熯	98
澀	98
斂	98
柆	98
撿	98
遬	98
歂	98
塢	98
溎	98
趠	98
盪	98
姟	98
潬	98
冃	98
晲	98
嘷	98
閡	98
མ	97
瘉	97
雃	97
椂	97
말	97
鉤	97
釵	97
傝	97
ầ	97
鈎	97
垰	97
琓	97
檻	97
曵	97
仺	97
寃	96
鴉	96
篤	96
蟻	96
瑮	96
摀	96
방	96
ন	96
詮	96
扱	96
羂	96
鈚	96
傭	96
창	96
濾	96
綢	96
籫	96
冪	96
矔	96
爜	96
睖	96
堯	95
แ	95
禠	95
躶	95
蛯	95
払	95
鰕	95
ಡ	95
鴞	95
蘆	95
曏	95
輮	95
ﾍ	95
䱵	95
渀	95
綖	95
鵷	95
敂	95
爏	95
ང	94
熞	94
闖	94
강	94
羭	94
猵	94
嫐	94
㗎	94
黁	94
繹	94
茖	94
拕	94
諦	94
袵	94
羬	94
苲	94
𫚢	94
珼	94
欴	94
儸	94
唲	94
燑	94
庯	93
揑	93
慇	93
嶆	93
鞆	93
緜	93
墠	93
ぢ	93
烚	93
屓	93
鈈	93
叏	93
偳	93
懾	93
秂	93
欑	93
寽	93
偘	93
軨	93
鴸	93
襮	93
傠	93
鶯	92
鈕	92
幇	92
筰	92
儚	92
澁	92
堝	92
尞	92
ᴗ	92
鮎	92
芓	92
飍	92
饋	92
魊	92
嶄	92
鉢	92
褢	92
驃	92
莂	92
穝	92
ʨ	91
ọ	91
蕫	91
淂	91
鋕	91
逌	91
呺	91
闔	91
태	91
軆	91
𥚃	91
詔	91
檡	91
柉	91
傆	91
羫	91
墴	91
撓	90
단	90
ศ	90
𪢠	90
餡	90
鑱	90
禿	90
喓	90
銃	90
煥	90
鬩	90
ｧ	90
ח	89
輶	89
巎	89
琣	89
鑳	89
垨	89
炲	89
闀	89
庢	89
ÿ	89
偑	89
炐	89
杛	89
彂	89
鈛	89
위	89
暏	89
蟌	89
雛	89
瀟	89
岋	89
薊	89
壵	89
裿	88
沋	88
剷	88
들	88
ո	88
艛	88
唫	88
க	88
伂	88
蘀	88
嶇	88
鑴	88
偮	88
冄	88
鬰	87
명	87
洰	87
錬	87
筯	87
巌	87
ল	87
療	87
梱	87
菿	87
柵	87
撻	87
鮸	87
旲	87
禖	87
胊	87
骯	87
偂	87
𫚐	87
彛	87
蹆	87
異	87
礠	87
雘	87
礛	87
硄	87
艍	87
桾	87
烖	87
㛳	87
ɐ	86
ป	86
彅	86
狦	86
砕	86
ү	86
囬	86
玾	86
栘	86
窺	86
兿	86
釘	86
冡	86
嵨	86
紑	86
倐	86
蛁	86
亅	85
ʼ	85
栧	85
兘	85
皒	85
彜	85
麕	85
芲	85
석	85
ė	85
ג	85
鸀	85
識	85
裲	85
虰	85
襬	85
畇	85
芧	85
鐞	85
墾	85
搙	85
聯	85
忋	85
滱	85
鄋	85
昹	85
嘯	84
ʿ	84
緍	84
榦	84
墱	84
嵺	84
籲	84
گ	84
憻	84
仚	84
漬	84
汃	84
筁	84
亗	84
ไ	83
潄	83
癵	83
虩	83
鍝	83
璚	83
爊	83
래	83
脢	83
昩	83
閟	83
臝	83
鏸	83
怗	83
丣	83
暤	83
稕	83
栯	83
娚	83
欖	83
䒷	83
丵	83
恘	83
嘩	82
夛	82
匽	82
烋	82
皯	82
斢	82
楎	82
ẽ	82
פ	82
椝	82
葯	82
锠	82
崠	82
衖	82
粍	82
擖	82
汳	82
轓	82
暊	82
餸	82
陾	82
埰	82
誅	82
挌	82
踡	82
蠱	82
撜	82
贖	82
ﾝ	82
栤	82
潠	82
翴	82
泟	82
면	81
婃	81
鶏	81
遝	81
圴	81
த	81
鬐	81
踭	81
狆	81
讐	81
철	81
呫	81
亽	81
贅	81
腂	81
娯	81
斳	81
睜	81
忇	81
殻	81
曶	81
峚	81
𫚪	81
毉	81
褩	81
雋	80
鿔	80
ǹ	80
鵄	80
嗘	80
ব	80
臞	80
汸	80
丬	80
䍁	80
嗏	80
癲	80
俰	80
騳	80
屢	80
娔	80
皘	80
盽	80
弡	80
癱	79
脁	79
ე	79
幎	79
를	79
鯭	79
ர	79
留	79
ˆ	79
霳	79
회	79
礮	79
㩲	79
塡	79
蟯	79
ན	79
尰	79
坣	79
墺	79
鴂	79
禢	79
ｴ	79
妜	79
ɯ	78
ħ	78
氫	78
宼	78
당	78
澯	78
嬭	78
羈	78
稡	78
鉼	78
鎊	78
燓	78
魾	78
袞	78
楥	78
蓙	78
𫏋	77
ồ	77
㐷	77
訶	77
滎	77
飂	77
裑	77
伃	77
螉	77
재	77
謔	77
楡	77
娗	77
悗	77
歮	77
霝	77
嬟	77
恟	77
玁	77
搰	77
錿	77
淒	76
綷	76
臿	76
ṛ	76
謢	76
巖	76
雟	76
閰	76
鏍	76
ს	76
敻	76
โ	76
რ	76
臙	76
簬	76
緼	76
晆	76
亐	76
埍	76
澋	76
岥	76
錓	76
ꌂ	76
賰	76
揀	75
汯	75
ལ	75
ە	75
𠐤	75
蚖	75
譴	75
埿	75
仛	75
攢	75
骲	75
ক	75
隤	75
絅	75
夌	75
敓	75
瀧	75
鯵	75
虉	75
鈍	75
帣	75
羵	75
楉	75
殅	75
銈	75
嫯	75
皺	74
懲	74
駃	74
כ	74
錱	74
逎	74
鎰	74
涷	74
鑅	74
𦛨	74
嶰	74
喠	74
潓	74
礑	74
鯊	74
羴	74
綋	74
篴	74
廵	74
攔	74
慫	74
戜	74
仠	74
侎	74
汑	74
朚	74
鈜	73
ث	73
ʊ	73
慠	73
絃	73
瘈	73
悏	73
嘖	73
네	73
牗	73
跼	73
唴	73
闈	73
頡	73
慚	73
娍	73
钁	73
드	73
侻	73
濪	73
鷖	73
犾	73
嚕	72
飼	72
鋅	72
羶	72
嗕	72
있	72
頤	72
淊	72
銶	72
奨	72
眏	72
雝	72
중	72
鍓	72
鍘	72
鎻	72
墳	72
釨	72
蠙	72
銓	72
鉁	72
鶉	72
鎛	72
汵	72
إ	71
ब	71
ⁿ	71
ấ	71
列	71
अ	71
硉	71
笅	71
曞	71
壡	71
ḱ	71
ũ	71
ம	71
च	71
愼	71
斁	71
略	71
凅	71
騠	71
북	71
蠟	71
竛	71
詫	71
幟	71
檺	71
姷	71
唞	71
䱻	71
膒	71
虪	71
妬	70
欶	70
墎	70
侷	70
楀	70
欝	70
ћ	70
喩	70
ट	70
𡒉	70
鍉	70
薗	70
綵	70
嚥	70
籖	70
廐	70
爋	70
檊	70
昻	70
弰	70
ธ	70
廬	70
奬	70
鐐	70
鍀	70
傫	70
凥	70
碢	70
啞	69
氱	69
鈔	69
鴈	69
佂	69
蓆	69
賸	69
侊	69
殢	69
槇	69
ớ	69
皉	69
搫	69
鬂	69
ի	69
ề	69
蒢	69
嘨	69
渓	69
棯	69
와	69
蒔	69
宷	69
氭	69
笟	69
譮	69
苭	69
瞞	69
忚	69
鐬	69
徯	69
嗹	69
骴	69
饅	68
蓺	68
靁	68
瑴	68
篸	68
윤	68
름	68
ס	68
भ	68
ק	68
ℓ	68
覀	68
瓅	68
櫌	68
裃	68
諭	68
鳽	68
暟	68
歷	68
দ	68
唀	68
眫	68
鎲	68
鶡	68
稟	67
ŭ	67
踧	67
諺	67
滀	67
厳	67
터	67
ヂ	67
夑	67
樶	67
塈	67
𫚙	67
희	67
揵	67
槀	67
諫	67
翺	67
彣	67
凐	67
琩	67
祙	67
ᵒ	67
嬩	67
潥	67
悩	67
犪	67
吰	67
曟	67
𤨒	67
嫋	67
浽	67
堓	67
ů	66
鏋	66
輒	66
ष	66
焿	66
髾	66
謩	66
臈	66
穢	66
剹	66
佇	66
隂	66
郠	66
渂	66
蘂	66
驢	66
璄	66
鯹	66
籹	66
歀	66
焪	66
輼	66
氻	66
謪	66
眮	66
紳	65
柎	65
苶	65
ध	65
夨	65
ゐ	65
타	65
예	65
없	65
泑	65
𫛚	65
狫	65
竂	65
﨑	65
茘	65
鰲	65
ŏ	65
鄕	65
膥	65
濇	65
𣴓	65
삼	65
翣	65
囩	65
扠	65
棿	65
স	65
蚃	65
畉	65
魨	65
掕	65
蚛	65
櫰	65
硲	65
潉	65
靂	64
唒	64
豭	64
ĝ	64
鑷	64
𩠌	64
崘	64
廃	64
준	64
蓶	64
髷	64
𩾇	64
ր	64
贌	64
ṅ	64
鉞	64
念	64
眗	64
繰	64
㶞	64
彄	64
愷	64
彵	64
痳	64
冩	64
咃	64
鎸	64
馿	64
차	64
絞	64
怳	64
簁	64
紵	64
鈵	64
濦	64
罼	64
瓗	64
髳	63
扐	63
顎	63
버	63
瑍	63
瘖	63
勪	63
睔	63
凣	63
𫉄	63
媿	63
牐	63
幃	63
廧	63
鼈	63
奌	63
冋	63
鹼	63
蚮	63
臢	63
箙	63
闂	63
계	63
穡	63
匱	63
棧	63
瀋	63
讀	63
厛	63
女	63
鑊	63
煛	63
皪	63
鴾	63
瘡	62
ʦ	62
嵓	62
蔄	62
畳	62
苖	62
繘	62
涖	62
청	62
嗶	62
岧	62
ւ	62
관	62
ʾ	62
攏	62
曡	62
鼔	62
𫓴	62
荗	62
杇	62
閘	62
逺	62
𠒇	62
謿	62
褉	62
歽	62
哾	62
涶	62
萮	62
鵶	62
紺	62
澱	62
蠠	62
桬	62
葐	62
仭	62
蕠	62
纀	62
炛	62
腀	62
鴲	62
𨔼	62
灋	61
噷	61
권	61
椚	61
驍	61
종	61
생	61
犎	61
冎	61
轀	61
遡	61
嚤	61
縌	61
醤	61
褍	61
湰	61
啅	61
緋	61
峔	61
薔	61
逬	61
詰	61
繻	61
綪	61
鉮	61
捁	61
甹	61
秞	61
肨	61
䃼	61
礟	61
狜	61
溄	61
乕	61
銥	61
烥	61
འ	60
杅	60
壄	60
岰	60
婁	60
آ	60
瀾	60
罠	60
공	60
յ	60
禫	60
昅	60
剳	60
㦃	60
磎	60
扙	60
揜	60
絢	60
蠄	60
睞	60
蛈	60
鄼	60
訟	60
騞	60
擓	60
狥	60
鉓	60
蠧	60
爓	60
兦	60
穠	59
ㅅ	59
乚	59
曕	59
루	59
褧	59
甕	59
鐪	59
歓	59
트	59
耂	59
牸	59
輪	59
鏠	59
ত	59
曀	59
滶	59
獇	59
劒	59
辧	59
褾	59
ಠ	59
詛	59
顫	59
枻	59
鏌	59
噾	59
悷	59
領	59
睴	59
羛	59
噑	59
광	58
睭	58
摎	58
鏼	58
ข	58
粬	58
拡	58
靭	58
鐧	58
鑼	58
勯	58
모	58
포	58
搲	58
緾	58
梈	58
ہ	58
𫟷	58
瀝	58
埓	58
蔲	58
駬	58
詥	58
鄾	58
憇	58
鱷	58
錄	58
纕	58
箣	58
錧	58
牎	58
錼	58
貯	58
噯	58
鱉	58
撾	58
啀	58
勎	58
圸	58
齦	57
埻	57
ĩ	57
蹛	57
禃	57
鑿	57
鎷	57
蝧	57
吀	57
ო	57
廇	57
趐	57
금	57
竩	57
백	57
鎅	57
鸁	57
牭	57
虅	57
降	57
僴	57
囪	57
堟	57
枃	57
貒	57
摐	57
囎	57
焔	57
摋	57
飊	57
渱	57
剙	57
鞈	57
좋	56
飝	56
浧	56
弉	56
행	56
ภ	56
최	56
汦	56
刲	56
俋	56
纞	56
ப	56
縂	56
㺢	56
㹢	56
頦	56
鴓	56
綀	56
旓	56
歯	56
儉	56
盞	56
ɾ	56
槰	56
簲	56
侒	56
旙	56
挵	56
檮	56
艼	56
箋	56
璏	56
璡	56
釽	56
龗	56
髧	56
䶄	56
蜆	56
柀	56
鮬	56
嘔	55
搗	55
鄨	55
ㄱ	55
厎	55
澙	55
磞	55
琞	55
婅	55
楄	55
夿	55
운	55
陹	55
恉	55
ヱ	55
牋	55
覓	55
嬨	55
彆	55
嚞	55
熀	55
勧	55
莤	55
觽	55
馹	55
螥	55
蛓	55
炵	55
钑	55
軀	55
苐	55
妑	55
鈉	55
泹	55
陏	55
湆	55
阺	55
剏	55
腛	55
恖	55
禱	54
鳮	54
肈	54
ㅎ	54
鍌	54
ء	54
倂	54
釬	54
별	54
鸒	54
郳	54
疄	54
鑹	54
皢	54
璙	54
鞌	54
鎂	54
צ	54
য	54
ắ	54
徤	54
壝	54
毆	54
襑	54
賃	54
屇	54
侭	54
郙	54
鹥	54
姩	54
寗	54
鐻	54
丆	54
寊	54
駱	54
鮓	54
竅	54
ｽ	54
皊	54
丗	54
讟	54
狀	54
廩	54
盨	54
蟱	54
蟐	54
櫵	54
懌	54
駥	54
瑻	54
烆	54
鷵	54
縎	54
檳	53
蟬	53
斄	53
暪	53
임	53
芐	53
嬤	53
叄	53
복	53
卄	53
ச	53
綧	53
愒	53
棊	53
淽	53
승	53
窯	53
熾	53
鳦	53
犱	53
瓑	53
鋁	53
촌	53
稒	53
挷	53
駝	53
玍	53
櫜	53
嬡	53
狋	53
羜	53
泎	53
渄	53
慽	53
錟	53
鞏	52
絫	52
烕	52
군	52
朒	52
唥	52
ɿ	52
ण	52
踖	52
兪	52
綑	52
魠	52
堥	52
畝	52
欎	52
涗	52
파	52
蕐	52
ứ	52
恊	52
頹	52
ʖ	52
심	52
侅	52
裋	52
諟	52
彁	52
耹	52
槵	52
莃	52
岶	52
鮭	52
矪	52
奦	52
艂	52
辷	52
綔	52
㨗	52
𢄂	52
烑	52
崷	52
霌	52
饗	51
厠	51
攬	51
泆	51
勊	51
埶	51
寜	51
誔	51
褝	51
湡	51
粡	51
檍	51
애	51
爕	51
པ	51
凴	51
邩	51
ـ	51
腍	51
鏽	51
拑	51
柶	51
鯛	51
灱	51
孴	51
挭	51
倃	51
綉	51
篵	51
魕	51
厫	51
撝	51
儅	51
옥	51
旅	51
䴥	51
𠀧	51
莕	51
燜	51
鍟	51
秺	51
禕	51
臷	51
懇	51
囨	51
饑	51
堣	51
橧	51
罳	51
笴	51
煯	51
蒤	51
壠	51
槯	51
娤	51
峞	51
劥	51
蚞	51
閹	50
諌	50
韈	50
ɤ	50
ถ	50
囥	50
欬	50
壟	50
嘥	50
두	50
淶	50
稉	50
栺	50
𠮶	50
狔	50
순	50
見	50
轅	50
瓬	50
祬	50
鑢	50
贛	50
娸	50
罙	50
蛍	50
饾	50
髏	50
널	50
曠	50
赬	50
餚	50
綏	50
若	50
掫	50
孁	50
饆	50
憳	50
傞	50
墍	50
瓚	50
闐	50
聛	50
碤	50
軿	50
仧	50
湷	50
輜	50
杤	50
啋	49
佌	49
디	49
ณ	49
誡	49
莋	49
癈	49
袝	49
朙	49
敭	49
掦	49
ե	49
裯	49
蔪	49
瓐	49
綯	49
چ	49
과	49
訕	49
牓	49
斃	49
幙	49
珄	49
蒞	49
鷺	49
鴛	49
蓧	49
勼	49
鍧	49
冾	49
鍩	49
洃	49
馭	49
囑	49
鵁	49
箌	49
帀	49
壌	49
麷	49
煷	49
蕣	49
隴	49
秨	49
熣	49
郉	49
娮	49
歁	49
諜	49
峀	49
娫	48
ㄴ	48
달	48
ㄹ	48
髨	48
ź	48
髠	48
嘦	48
ھ	48
ܐ	48
կ	48
爁	48
僙	48
賄	48
嵗	48
練	48
韌	48
廹	48
妢	48
楁	48
姏	48
誜	48
鐴	48
魒	48
北	48
捴	48
喍	48
讖	48
胹	48
衂	48
駭	48
鞚	48
矴	48
犆	48
鰻	48
匟	48
稰	48
侖	48
鰍	48
閗	48
狇	48
吜	48
鯋	48
炩	48
洆	48
𡤕	48
饠	48
駡	47
氈	47
ཀ	47
ȵ	47
ㄫ	47
朤	47
僣	47
魩	47
凩	47
笌	47
涜	47
筭	47
홍	47
까	47
데	47
집	47
워	47
嚶	47
러	47
湭	47
ல	47
湩	47
亷	47
儐	47
遖	47
飮	47
敼	47
鷉	47
霩	47
栂	47
불	47
음	47
獈	47
腅	47
漑	47
蕂	47
媤	47
纆	47
泬	47
鰂	47
閔	47
喣	47
娢	47
綍	47
偅	47
閿	47
離	47
鵼	47
偖	47
硓	47
耎	47
礳	47
莀	47
鉿	47
煈	47
犤	47
郂	47
淾	47
鼥	47
𠊎	46
초	46
ɦ	46
讉	46
ษ	46
嘒	46
䌽	46
掯	46
覔	46
烇	46
渻	46
跕	46
개	46
瞂	46
黱	46
徍	46
ʉ	46
切	46
ї	46
ț	46
廰	46
瓉	46
檇	46
蠨	46
缽	46
罸	46
赿	46
宩	46
樠	46
춘	46
혜	46
晝	46
頣	46
廘	46
胘	46
珴	46
神	46
카	46
鸞	46
枖	46
瀰	46
茞	46
漮	46
庣	46
鏢	46
殲	46
鑶	46
ﾀ	46
便	46
壎	46
挴	46
俿	46
洂	46
蠁	46
厑	46
憵	46
槮	46
辮	46
鼧	46
沗	46
蓌	46
憞	46
誥	45
摟	45
痾	45
廝	45
翬	45
觝	45
ㄷ	45
匸	45
건	45
𣐕	45
砊	45
으	45
硯	45
褵	45
蔎	45
棅	45
ゎ	45
獽	45
剄	45
霟	45
怺	45
騣	45
穋	45
鯮	45
匤	45
縉	45
粛	45
叾	45
蠰	45
鏦	45
誀	45
絋	45
塉	45
赱	45
襃	45
袀	45
詁	45
輓	45
秪	45
暽	45
筴	45
䱗	45
剫	45
ᕤ	45
襆	45
笩	44
轍	44
搣	44
𫄙	44
ɒ	44
卋	44
垜	44
嶏	44
陘	44
祩	44
眹	44
刼	44
糢	44
ɨ	44
肎	44
襈	44
辵	44
蠶	44
朘	44
𣋉	44
牼	44
戫	44
嚻	44
痀	44
薈	44
길	44
挿	44
竮	44
釁	44
璗	44
迗	44
嫳	44
禬	44
赩	44
鴃	44
娒	44
𨱅	44
巑	44
蕚	44
垊	44
侟	44
癭	44
硰	44
撦	44
湐	44
硞	44
礚	44
橔	44
鱊	44
欏	44
蒘	44
嘽	44
磑	44
趹	44
裩	44
婩	44
唗	44
揙	44
ᕦ	44
鶮	43
甛	43
𫗵	43
犘	43
鉌	43
ㄭ	43
夒	43
咑	43
彲	43
ำ	43
窾	43
ĭ	43
膤	43
鬭	43
鏓	43
薲	43
捼	43
浹	43
襛	43
ḫ	43
律	43
譪	43
眖	43
輾	43
胔	43
寲	43
鿕	43
卭	43
逥	43
苿	43
鐮	43
卆	43
衊	43
豽	43
婔	43
葷	43
鵎	43
憚	43
墽	43
恾	43
厵	43
畵	43
仸	43
六	43
獶	43
掿	43
囶	43
眥	43
鰐	43
旪	43
榐	43
鄴	43
焳	43
赹	43
嶴	43
鷨	43
幀	42
渦	42
觧	42
ῖ	42
躭	42
颣	42
嶢	42
嶉	42
欒	42
濈	42
노	42
난	42
날	42
람	42
식	42
ז	42
壐	42
ʲ	42
絭	42
鸊	42
崕	42
捄	42
弻	42
卽	42
斻	42
ญ	42
硑	42
秖	42
顰	42
烉	42
樞	42
箆	42
庛	42
摻	42
鉑	42
獁	42
ង	42
饤	42
岦	42
秷	42
亇	42
麪	42
醡	42
蕪	42
屩	42
槼	42
闅	42
牉	42
﨨	42
渽	42
膾	42
怋	42
零	42
儹	42
嬞	42
喕	42
爧	42
鐥	42
仐	42
驌	42
塇	42
劽	42
偟	42
襴	42
狣	42
竡	42
媻	42
凮	42
貵	42
昁	42
藳	41
俥	41
塜	41
თ	41
ㅍ	41
籟	41
ң	41
儷	41
螇	41
刧	41
厊	41
㐌	41
藂	41
賔	41
մ	41
鐫	41
醗	41
𥙿	41
囙	41
ǣ	41
ட	41
봉	41
倗	41
笁	41
𫇴	41
丠	41
簞	41
祦	41
鹵	41
膧	41
裬	41
篃	41
ᐛ	41
鶗	41
阣	41
鉵	41
រ	41
糼	41
斕	41
䗩	41
薆	41
痜	41
砛	41
鷲	41
蚷	41
椮	41
冺	41
箥	41
莦	41
趚	41
杍	41
勇	41
喴	40
ἐ	40
欐	40
儗	40
悓	40
鏇	40
撏	40
უ	40
灉	40
저	40
螞	40
噭	40
ġ	40
ன	40
拺	40
笭	40
醩	40
彍	40
罊	40
曔	40
鑁	40
வ	40
鴦	40
ľ	40
跢	40
剺	40
老	40
엑	40
魌	40
讌	40
𠱞	40
銹	40
邅	40
𡃁	40
馛	40
曮	40
鯃	40
鏅	40
栵	40
埨	40
莔	40
聳	40
懞	40
矒	40
鐸	40
僞	40
黽	40
諵	40
襢	40
屝	40
妦	40
纚	40
浻	40
澺	40
阹	40
芵	40
녕	39
ظ	39
ʐ	39
ㅇ	39
愮	39
燂	39
螶	39
尟	39
합	39
𪿫	39
ˀ	39
粺	39
娳	39
䜩	39
জ	39
薐	39
僝	39
飪	39
狢	39
漄	39
罇	39
黮	39
크	39
抝	39
縷	39
霱	39
搕	39
閽	39
宂	39
轝	39
혁	39
骾	39
평	39
摳	39
禴	39
楖	39
ន	39
馡	39
粃	39
緌	39
斾	39
綻	39
罉	39
忕	39
繎	39
洜	39
熶	39
垐	39
褦	39
燼	39
朧	39
嬾	39
聶	39
繭	39
瀨	39
勛	39
堛	39
皬	39
돌	39
ﾓ	39
鬡	39
䳭	39
ǵ	39
璊	39
扲	39
埖	39
圼	39
簈	39
圶	39
瓓	39
噈	39
錝	39
鮍	39
嫺	39
鄳	39
𨥙	39
鯱	39
婈	39
鳲	39
酠	39
𣊬	39
레	38
壒	38
塴	38
鏟	38
𪾔	38
ᠨ	38
脗	38
ủ	38
煑	38
餔	38
廔	38
栨	38
려	38
습	38
ų	38
忎	38
聦	38
稊	38
閙	38
彚	38
鷃	38
晜	38
ნ	38
珓	38
頖	38
椼	38
厀	38
悁	38
礬	38
월	38
嘮	38
撳	38
彽	38
槖	38
觺	38
㸅	38
鱔	38
褻	38
殀	38
恴	38
槗	38
愪	38
猧	38
樂	38
痙	38
䗉	38
觻	38
釰	38
搸	38
媷	38
暃	38
ʑ	37
砈	37
䂵	37
擕	37
ˌ	37
虣	37
簑	37
牳	37
窻	37
鐣	37
芛	37
擳	37
љ	37
처	37
열	37
敧	37
ἰ	37
碪	37
炰	37
煠	37
鸜	37
坔	37
등	37
俽	37
爍	37
菶	37
閎	37
繽	37
釈	37
銑	37
餾	37
驖	37
糹	37
呏	37
ս	37
晻	37
焾	37
簮	37
粂	37
紒	37
鮪	37
椈	37
緝	37
鸓	37
苨	37
빈	37
갈	37
嗇	37
ʅ	37
煄	37
紶	37
堢	37
頽	37
殠	37
膴	37
淉	37
精	37
鷗	37
讎	37
琱	37
琘	37
磧	37
薶	37
礣	37
癝	37
唶	37
懀	37
랜	37
巚	37
堮	36
친	36
踎	36
ĉ	36
凔	36
嫻	36
摃	36
夎	36
황	36
𫐉	36
ғ	36
臨	36
虀	36
夀	36
훈	36
鞦	36
형	36
䁐	36
㛤	36
揃	36
淈	36
堊	36
棝	36
屲	36
剤	36
偸	36
顱	36
硾	36
𠡠	36
𣷷	36
癬	36
林	36
貽	36
剢	36
溋	36
裡	36
躝	36
迍	36
伹	36
피	36
적	36
諶	36
ស	36
詣	36
鵜	36
塖	36
慅	36
霽	36
墖	36
հ	36
傗	36
芢	36
빠	36
潚	36
掑	36
峅	36
蔦	36
挃	36
妚	36
焏	36
桘	36
㞎	36
迯	36
趥	36
ᵔ	36
𠄘	36
ῆ	35
琜	35
貮	35
薧	35
圑	35
ʈ	35
榤	35
ữ	35
扢	35
躰	35
鍨	35
縦	35
颿	35
추	35
ㅜ	35
ใ	35
𪡏	35
諨	35
懮	35
প	35
頬	35
근	35
択	35
글	35
鞷	35
筽	35
簩	35
橸	35
蚳	35
踨	35
呅	35
蕌	35
劖	35
擱	35
覈	35
乆	35
馫	35
반	35
간	35
𤅷	35
醁	35
囮	35
墝	35
懥	35
俒	35
彞	35
鯖	35
莢	35
紃	35
柦	35
闓	35
絙	35
萡	35
閼	35
憫	35
眤	35
聾	35
洶	35
鉉	35
屸	35
鞎	35
蝺	35
暀	35
氄	35
牘	35
匉	35
厈	35
堒	35
猭	35
斈	35
郍	35
鄏	35
翭	35
毞	35
亃	35
慲	35
耾	35
賹	35
螁	35
闑	35
宊	35
嚨	34
霡	34
窴	34
愓	34
躧	34
瓙	34
繕	34
椵	34
膰	34
림	34
ט	34
綸	34
통	34
驫	34
阓	34
မ	34
顚	34
踇	34
ヮ	34
ܝ	34
ℝ	34
ۇ	34
秳	34
簜	34
褎	34
榚	34
綰	34
愙	34
栔	34
酙	34
瞜	34
秔	34
逨	34
飬	34
剬	34
索	34
棸	34
葽	34
佋	34
篜	34
년	34
瀅	34
鏤	34
碕	34
靄	34
垶	34
篐	34
壩	34
埥	34
睆	34
綅	34
鐒	34
蓚	34
徠	34
婭	34
韃	34
침	34
虋	34
侲	34
霿	34
哊	34
墄	34
罺	34
盄	34
籭	34
乲	34
奍	34
涰	34
緔	34
銄	34
哠	34
咅	34
鑏	34
潣	34
ꉂ	34
緹	33
ㅊ	33
詅	33
篰	33
僄	33
樓	33
凎	33
徦	33
杋	33
犻	33
櫧	33
粩	33
같	33
梫	33
ử	33
န	33
栜	33
ở	33
椌	33
晑	33
ვ	33
竻	33
즈	33
兗	33
梀	33
ड	33
觹	33
恇	33
舩	33
鉟	33
আ	33
箑	33
㴋	33
濓	33
嫵	33
𪲛	33
馂	33
糉	33
鴿	33
ҡ	33
㫻	33
粠	33
椾	33
酫	33
ក	33
李	33
蜤	33
踄	33
夣	33
魷	33
臍	33
帹	33
痁	33
韣	33
飴	33
靦	33
暯	33
皃	33
龕	33
蓘	33
弮	33
鴳	33
焲	33
濹	33
洝	33
ម	33
幘	33
攧	33
萂	33
鵃	33
艌	33
椘	33
莇	33
錂	33
諳	32
히	32
晣	32
覊	32
芿	32
獞	32
瘇	32
貭	32
怐	32
襙	32
厤	32
鑸	32
물	32
桮	32
ỳ	32
싶	32
배	32
灪	32
癶	32
儞	32
繊	32
揼	32
袚	32
釡	32
芚	32
踿	32
皷	32
독	32
ɲ	32
덕	32
復	32
𫟡	32
牣	32
秱	32
鵐	32
鋙	32
篲	32
仱	32
ཁ	32
ﾌ	32
搊	32
枙	32
屘	32
覜	32
娙	32
瑇	32
椖	32
鉥	32
მ	32
ụ	32
籬	32
鉧	32
더	32
埢	32
熑	32
檿	32
叅	32
睲	32
謁	32
紷	32
湸	32
蕀	32
潕	32
撹	32
ᗜ	32
憊	32
鮜	32
酳	32
粖	32
栦	32
豩	32
絬	32
笢	32
抲	32
觘	32
貦	32
缻	32
玂	32
밤	32
鱧	32
瀙	32
釹	32
覬	32
鱄	32
敄	32
粓	32
萶	32
勈	32
旟	31
ἄ	31
감	31
曧	31
鎼	31
畞	31
ſ	31
罏	31
釧	31
작	31
먹	31
蕸	31
渳	31
ɬ	31
羇	31
縈	31
䳍	31
𧒽	31
卾	31
迻	31
逈	31
妌	31
豼	31
є	31
ǝ	31
һ	31
慱	31
蛫	31
礜	31
鏣	31
萐	31
跲	31
嘫	31
畺	31
刣	31
惄	31
頜	31
麁	31
埄	31
趖	31
鉱	31
驙	31
窼	31
竄	31
庨	31
厜	31
ම	31
貤	31
垹	31
霦	31
瞴	31
魽	31
鵂	31
琙	31
鑵	31
竷	31
馺	31
簫	31
葦	31
僟	31
彉	31
막	31
賏	31
櫥	31
轣	31
滒	31
懟	31
佡	31
芞	31
糷	31
懏	31
硵	31
儊	31
蔳	31
唩	31
雐	31
㫤	31
宨	31
岇	31
狪	31
恛	31
畗	31
弤	31
銒	31
娦	31
𡂿	31
발	30
ㅁ	30
체	30
қ	30
했	30
冓	30
竾	30
幍	30
때	30
새	30
𠇹	30
鑓	30
儂	30
হ	30
蟟	30
泲	30
䝉	30
昢	30
籧	30
각	30
膕	30
錠	30
都	30
洟	30
후	30
刔	30
𡥧	30
厯	30
𢽾	30
讒	30
詡	30
ű	30
憼	30
敳	30
娎	30
耉	30
擷	30
皥	30
闗	30
薾	30
蠣	30
猟	30
린	30
恌	30
氎	30
煿	30
乪	30
絹	30
牶	30
忴	30
蓃	30
抶	30
翲	30
璽	30
眰	30
珨	30
娕	30
祄	30
謳	30
偊	30
鷓	30
猂	30
纜	30
懺	30
髖	30
탕	30
孨	30
浘	30
骳	30
竤	30
燡	30
拉	30
鮆	30
惥	30
禗	30
璷	30
塓	30
粔	30
蜶	30
乤	30
蓲	30
窢	30
忹	30
汼	30
烣	30
硥	30
姕	30
瘓	29
槪	29
ɹ	29
𨮁	29
铔	29
獚	29
媬	29
餬	29
旇	29
栬	29
ợ	29
綹	29
幑	29
蟦	29
檽	29
것	29
르	29
ῶ	29
荍	29
昬	29
聟	29
တ	29
緃	29
鵞	29
矚	29
紂	29
緁	29
ರ	29
朞	29
槏	29
黚	29
焋	29
怓	29
铇	29
鋳	29
峕	29
枠	29
斨	29
క	29
鮴	29
訁	29
鸚	29
鉎	29
媠	29
瀯	29
趒	29
纇	29
璛	29
傎	29
嬮	29
𤈷	29
鮣	29
幚	29
耈	29
吷	29
莈	29
阤	29
帩	29
姇	29
幆	29
齤	29
ฟ	29
熝	29
眽	29
緥	29
던	29
媥	29
馰	29
尯	29
虂	29
烰	29
焟	29
笒	29
漟	29
鋄	29
趆	29
熖	29
饐	29
癳	29
坅	29
襠	29
줘	29
鉋	29
絖	29
蛢	29
匊	29
肻	29
攺	29
儜	29
魹	29
瞮	29
醽	29
孋	29
頢	29
漰	29
殾	29
陫	29
鋾	29
攆	29
渞	29
擫	29
煒	28
諗	28
殹	28
倛	28
禝	28
澫	28
饎	28
洅	28
灷	28
噐	28
樿	28
暣	28
凙	28
穐	28
倿	28
螾	28
코	28
唹	28
봐	28
叐	28
㟖	28
蜋	28
僽	28
ந	28
痆	28
ť	28
鑚	28
㵲	28
𫔔	28
擡	28
颭	28
唊	28
枎	28
抳	28
埳	28
𡳞	28
ཆ	28
玜	28
詬	28
枀	28
ǧ	28
豞	28
牜	28
않	28
伓	28
睻	28
彨	28
蔾	28
楕	28
鬺	28
蝅	28
靧	28
蝋	28
臫	28
კ	28
囼	28
苚	28
冣	28
謫	28
ٹ	28
龏	28
鶇	28
錨	28
瀘	28
朲	28
鮫	28
楅	28
蘭	28
㭽	28
弽	28
餜	28
𣰋	28
眎	28
玪	28
迾	28
抯	28
澒	28
懴	28
楻	28
坆	28
舧	28
繦	28
鍴	28
奵	28
鴬	28
矦	28
紼	28
𪢮	28
蓞	28
薍	28
阧	28
忯	28
椡	28
皅	28
蝯	27
령	27
咊	27
ʋ	27
囇	27
膋	27
趫	27
ນ	27
ㄬ	27
ĕ	27
藷	27
皵	27
霤	27
箠	27
镸	27
壏	27
ბ	27
腃	27
었	27
술	27
른	27
병	27
ǫ	27
վ	27
𫁡	27
蟧	27
ɚ	27
虖	27
豘	27
ܘ	27
唖	27
鶱	27
窞	27
兀	27
葠	27
惿	27
跰	27
酖	27
ய	27
տ	27
玵	27
聝	27
燤	27
寚	27
ự	27
啒	27
垳	27
蟺	27
শ	27
蠭	27
撀	27
僡	27
胾	27
漒	27
迌	27
癹	27
燵	27
磗	27
戙	27
羍	27
攲	27
茤	27
嶚	27
峑	27
粐	27
𬓑	27
າ	27
孶	27
埱	27
옹	27
楨	27
旣	27
魎	27
枩	27
擲	27
ɵ	27
钀	27
瓨	27
洠	27
鰹	27
啩	27
餗	27
啺	27
勩	27
찬	27
拫	27
傡	27
羏	27
綬	27
凧	27
罯	27
驁	27
阭	27
磪	27
屟	27
羄	27
簻	27
柕	27
萿	27
軫	27
鍭	27
樼	27
甮	27
箁	27
麠	27
歊	27
駜	27
𤏸	27
諪	26
煡	26
ʏ	26
帊	26
穈	26
韲	26
箘	26
噛	26
窂	26
虗	26
њ	26
疕	26
잘	26
瀓	26
薠	26
閏	26
藘	26
礶	26
ܪ	26
㖊	26
岒	26
𩖃	26
蝃	26
ಕ	26
煻	26
ņ	26
입	26
焃	26
黅	26
匳	26
堳	26
莭	26
嵵	26
禭	26
㚟	26
환	26
嚀	26
본	26
槤	26
礿	26
欘	26
稭	26
鷁	26
譙	26
迖	26
歕	26
弖	26
益	26
阞	26
叴	26
忟	26
杁	26
桍	26
鄎	26
潪	26
緵	26
ქ	26
玈	26
蓷	26
捫	26
磱	26
ཡ	26
錚	26
僥	26
梟	26
ซ	26
濺	26
瀆	26
殝	26
吤	26
ｸ	26
愯	26
忥	26
濅	26
敱	26
钃	26
嘑	26
潀	26
鏛	26
鵡	26
嬙	26
絧	26
囻	26
妅	26
皟	26
禶	26
禐	26
鬑	26
輚	26
棜	26
嵷	26
廕	26
罞	26
彴	26
敮	26
帉	26
悵	26
釚	26
詪	26
鍕	26
咰	26
ᕗ	26
鋤	25
秌	25
誎	25
ẓ	25
皀	25
ల	25
䌸	25
絯	25
왜	25
緢	25
婇	25
曘	25
氊	25
𫄬	25
ტ	25
립	25
枿	25
ర	25
𦈏	25
ổ	25
蟴	25
秥	25
鍳	25
梄	25
鬅	25
溒	25
悮	25
嗀	25
簺	25
獦	25
㬌	25
宻	25
媢	25
菢	25
ѣ	25
ӏ	25
麞	25
坱	25
鍶	25
熁	25
潒	25
笓	25
澓	25
逰	25
穽	25
騱	25
鵕	25
楺	25
咓	25
լ	25
闋	25
록	25
摷	25
趎	25
襒	25
詆	25
鷰	25
縳	25
榽	25
姙	25
鱈	25
င	25
煶	25
艻	25
蝭	25
직	25
莮	25
𫙮	25
鵠	25
蜅	25
襷	25
할	25
掍	25
鄥	25
噵	25
彑	25
嚬	25
鉗	25
脛	25
砞	25
﨩	25
嵰	25
麣	25
脄	25
誃	25
緭	25
楟	25
壷	25
媉	25
挕	25
抰	25
黦	25
尗	25
椉	25
朜	25
ᵛ	25
絰	25
寎	25
侕	25
墪	25
芻	25
鐑	25
炡	25
騕	25
崲	25
蟕	25
鰟	25
疀	25
嵣	25
纉	25
箾	25
𫖒	25
徸	25
壈	25
㻋	24
ṯ	24
醄	24
芺	24
皻	24
劧	24
玐	24
歈	24
蔕	24
ɖ	24
颩	24
餠	24
ỹ	24
忼	24
嚿	24
鏮	24
氥	24
輭	24
楑	24
嚛	24
槨	24
爣	24
堩	24
瀕	24
簎	24
仒	24
饃	24
尠	24
葍	24
贓	24
ট	24
摵	24
蝍	24
盋	24
譶	24
효	24
裊	24
旍	24
撢	24
呌	24
蓱	24
輌	24
礪	24
𥐟	24
礂	24
櫓	24
絾	24
瘑	24
湌	24
卥	24
愜	24
燀	24
籝	24
苸	24
鏨	24
皡	24
橈	24
육	24
뱅	24
嘍	24
餞	24
桙	24
诪	24
ត	24
虯	24
靯	24
ｯ	24
屧	24
𥕟	24
鵩	24
肧	24
郰	24
獃	24
轎	24
鉈	24
嬑	24
颺	24
褞	24
擥	24
鑞	24
碽	24
圿	24
奟	24
僛	24
乬	24
劯	24
凢	24
翸	24
摪	24
諄	24
灻	24
覷	24
蔍	24
鼜	24
薀	24
錕	24
邚	24
䲎	24
鎝	24
鞜	24
簹	24
鷔	24
鴽	24
鄽	24
溗	24
弣	24
髊	24
盀	24
靷	24
蒥	24
鎨	24
𣚅	24
𨑳	24
軾	23
慳	23
몰	23
闚	23
餟	23
惸	23
ὁ	23
특	23
ۆ	23
飜	23
葅	23
漎	23
跔	23
痟	23
枴	23
曪	23
橀	23
알	23
얼	23
ㅑ	23
𫔰	23
幤	23
僿	23
胷	23
踈	23
ȟ	23
婏	23
磆	23
什	23
劔	23
ನ	23
𫓩	23
僐	23
프	23
伅	23
栭	23
榶	23
贄	23
徫	23
擄	23
脃	23
眅	23
誣	23
礧	23
戹	23
餤	23
踠	23
蘚	23
跍	23
餻	23
손	23
설	23
檦	23
번	23
嚸	23
羢	23
篢	23
韾	23
丱	23
勨	23
旀	23
禓	23
駪	23
ㅈ	23
歜	23
ཤ	23
薖	23
潈	23
軋	23
錒	23
𫓽	23
襖	23
蒁	23
빛	23
鰩	23
顠	23
嘰	23
躱	23
皰	23
獼	23
婹	23
齧	23
潫	23
湀	23
억	23
饌	23
韜	23
駓	23
鵑	23
蕎	23
ᕙ	23
囜	23
畍	23
歏	23
伒	23
觴	23
簳	23
嚙	23
縕	23
伀	23
悋	23
獕	23
桱	23
鰓	23
嵢	23
禰	23
嗈	23
姍	23
軷	23
榟	23
酇	23
怞	23
侱	23
鈒	23
岅	23
猏	23
ᵉ	23
迀	22
餿	22
鏗	22
滸	22
煆	22
鴟	22
揔	22
摡	22
菛	22
惤	22
澗	22
티	22
燆	22
님	22
뭐	22
騃	22
荂	22
ў	22
梜	22
ܕ	22
গ	22
ἴ	22
ပ	22
虌	22
ể	22
ῦ	22
ⱪ	22
韆	22
帢	22
隲	22
壖	22
抅	22
언	22
蚚	22
魤	22
袹	22
椣	22
詒	22
竲	22
圗	22
卛	22
ڠ	22
檲	22
寈	22
紏	22
粙	22
莯	22
囏	22
蟎	22
베	22
燁	22
縹	22
थ	22
綼	22
靫	22
栁	22
飠	22
鼕	22
屜	22
겠	22
圠	22
ỏ	22
က	22
燖	22
篋	22
璓	22
嶃	22
璣	22
蠌	22
㴶	22
鈏	22
啈	22
俓	22
覲	22
禌	22
𦨭	22
闥	22
熼	22
嬶	22
棶	22
渇	22
ڡ	22
檜	22
렇	22
속	22
ϖ	22
竪	22
ﾄ	22
嗭	22
僼	22
畂	22
ḗ	22
噃	22
掹	22
駏	22
獀	22
秄	22
墧	22
嬜	22
膞	22
蠚	22
薻	22
蔨	22
刅	22
坹	22
琖	22
堬	22
㴱	22
駸	22
髺	22
樕	22
褃	22
藯	22
鶳	22
葘	22
螤	22
洖	22
鎋	22
蓸	22
丯	22
錀	22
嘇	22
璫	22
繤	22
阥	22
媕	22
髉	22
睯	22
涾	22
蕼	22
ហ	22
葕	22
䌓	22
누	21
鿫	21
巵	21
泭	21
ㆍ	21
鬨	21
葢	21
녀	21
살	21
죽	21
懁	21
ㅗ	21
ㅌ	21
緺	21
ヰ	21
尭	21
袾	21
բ	21
䄉	21
蕑	21
嵻	21
실	21
扵	21
駢	21
鈢	21
ண	21
牕	21
坺	21
硧	21
諏	21
膶	21
蒶	21
覻	21
撍	21
喥	21
목	21
함	21
매	21
櫲	21
雥	21
劋	21
វ	21
𪹚	21
簘	21
垬	21
鑣	21
꽃	21
투	21
鱎	21
偞	21
礀	21
ặ	21
縝	21
偦	21
惷	21
跇	21
掵	21
綗	21
鴴	21
驪	21
鯪	21
鱣	21
墯	21
ԅ	21
顴	21
된	21
錮	21
繀	21
력	21
絏	21
외	21
倫	21
헌	21
柇	21
夅	21
鰺	21
聧	21
梇	21
帄	21
𨁂	21
剮	21
輟	21
跓	21
泘	21
揝	21
婲	21
糘	21
肦	21
匞	21
媯	21
衘	21
抪	21
玌	21
麩	21
鳷	21
聤	21
烓	21
叿	21
鉀	21
疂	21
萖	21
侸	21
霬	21
鉔	21
鈐	21
珱	21
落	21
腶	21
濨	21
縞	21
唕	21
鱂	21
蚅	21
熍	21
杚	21
ᵧ	21
ₒ	21
ᵤ	21
犢	20
ὶ	20
犫	20
ŝ	20
陼	20
ὀ	20
ļ	20
ງ	20
䓪	20
란	20
畟	20
鎽	20
掗	20
ђ	20
늘	20
되	20
ㅓ	20
硠	20
ἑ	20
璻	20
灴	20
缾	20
鉰	20
蠏	20
향	20
觮	20
鬛	20
帞	20
漧	20
竉	20
ʮ	20
䚟	20
駴	20
弝	20
庰	20
輎	20
鋩	20
吂	20
翆	20
莗	20
臮	20
驀	20
麛	20
膿	20
裧	20
餛	20
澦	20
燇	20
鱒	20
倝	20
慿	20
蜛	20
胏	20
蘡	20
磦	20
ʀ	20
蕁	20
晼	20
贔	20
蝄	20
총	20
鰡	20
嘝	20
畱	20
剦	20
錣	20
泝	20
鐎	20
傦	20
घ	20
粯	20
郱	20
圷	20
酘	20
畄	20
忷	20
鰭	20
꿈	20
樲	20
嗃	20
欋	20
愅	20
萠	20
轕	20
贍	20
鄲	20
蹺	20
飈	20
籘	20
沊	20
矂	20
ḷ	20
餲	20
忛	20
壃	20
畩	20
紱	20
귀	20
闟	20
蔂	20
鰅	20
ය	20
滼	20
鏱	20
ㅐ	20
嚁	20
賎	20
繑	20
抆	20
韠	20
慟	20
梹	20
膆	20
甅	20
胕	20
𨬔	20
禙	20
賖	20
菤	20
瓧	20
駽	20
檁	20
濸	20
瑹	20
鐔	20
菵	20
檝	20
攃	20
叺	20
鋺	20
馱	20
彔	20
櫐	20
頊	20
蘄	20
毃	20
偛	20
鴋	20
艁	20
騁	20
侼	20
慛	20
乊	20
櫾	20
愺	20
咼	20
秙	20
柂	20
偄	20
妉	20
驤	20
畁	20
檴	20
巒	19
ĥ	19
ĵ	19
噳	19
翤	19
䃟	19
ອ	19
觕	19
𥻵	19
𧏖	19
鬤	19
袙	19
繐	19
牱	19
鑺	19
撶	19
墛	19
垉	19
幏	19
唽	19
응	19
십	19
ㅛ	19
秝	19
밥	19
ɫ	19
आ	19
帟	19
箤	19
暆	19
ỉ	19
嶿	19
슬	19
薝	19
琽	19
ਰ	19
陃	19
甂	19
黗	19
怤	19
潎	19
粻	19
罻	19
齶	19
鉬	19
縿	19
潗	19
謜	19
踾	19
櫑	19
鐅	19
狘	19
厼	19
점	19
흥	19
ಗ	19
鰯	19
纒	19
爫	19
紽	19
鰗	19
睠	19
僈	19
孭	19
搷	19
齍	19
逓	19
圁	19
瘍	19
礫	19
謷	19
巼	19
磥	19
膸	19
爖	19
𤊟	19
㰘	19
鮒	19
峺	19
頎	19
ŷ	19
裖	19
癦	19
ց	19
紈	19
潯	19
桵	19
㘰	19
鮹	19
걸	19
脧	19
鶆	19
ព	19
餂	19
篽	19
齆	19
兂	19
炶	19
채	19
鵪	19
鑾	19
崼	19
帓	19
緅	19
垔	19
艐	19
籱	19
麢	19
棳	19
弴	19
橏	19
潨	19
紇	19
晇	19
誹	19
乺	19
濍	19
弅	19
醲	19
蔁	19
岪	19
羪	19
駣	19
龍	19
顓	19
笡	19
鵲	19
魻	19
露	19
綘	19
漡	19
憱	19
柮	19
葉	19
覡	19
塂	19
洏	19
誽	19
鈬	19
矤	19
翿	19
刟	19
豙	19
瘶	19
啂	19
罛	19
鈃	19
袔	19
庎	19
睕	19
儼	19
盰	19
戄	19
歍	19
酛	19
襂	19
瓫	19
骵	19
鵚	19
飫	19
碀	19
熉	19
瀇	19
浨	19
𣏌	18
巙	18
絇	18
ລ	18
ผ	18
矱	18
ἡ	18
刜	18
欓	18
搯	18
腟	18
箞	18
愶	18
鸴	18
ხ	18
ϵ	18
닭	18
럼	18
靌	18
웃	18
못	18
饞	18
桸	18
歨	18
ㅕ	18
椫	18
ञ	18
垪	18
篈	18
糭	18
銾	18
ㅡ	18
䯄	18
ὐ	18
竸	18
燬	18
𪪞	18
ἱ	18
鵖	18
鑃	18
唡	18
椗	18
葂	18
메	18
蹪	18
晀	18
剗	18
韍	18
靃	18
榞	18
螘	18
藋	18
晭	18
牅	18
橺	18
甤	18
숙	18
卙	18
蒧	18
穨	18
ӈ	18
頩	18
晽	18
블	18
僤	18
鳶	18
ẻ	18
䄂	18
蚘	18
鴀	18
გ	18
ရ	18
遧	18
蒭	18
浱	18
嶪	18
渜	18
咮	18
紾	18
紓	18
獙	18
澏	18
𤏳	18
錖	18
霔	18
淎	18
錔	18
媧	18
磄	18
儕	18
胐	18
牫	18
騖	18
㫒	18
笘	18
荹	18
악	18
悜	18
埛	18
竃	18
琂	18
鐷	18
戇	18
襾	18
饢	18
轂	18
އ	18
擰	18
奈	18
欥	18
թ	18
漍	18
臩	18
崏	18
완	18
토	18
鱙	18
鴊	18
蚇	18
痗	18
盿	18
鞉	18
籈	18
薋	18
庈	18
ᴇ	18
벽	18
愗	18
㕎	18
鸛	18
藺	18
斍	18
鱅	18
羥	18
秅	18
齝	18
澘	18
熋	18
臡	18
臒	18
鱨	18
挸	18
鰙	18
緟	18
舤	18
恀	18
萴	18
圎	18
罋	18
鏘	18
卼	18
銠	18
荾	18
幩	18
碭	18
垽	18
𪘅	18
篟	18
燾	18
飤	17
徏	17
ວ	17
饙	17
灩	17
擩	17
喿	17
岆	17
肐	17
曢	17
頪	17
류	17
猳	17
琒	17
찾	17
법	17
兊	17
汱	17
𥐻	17
鎕	17
紩	17
灳	17
隮	17
饍	17
ヵ	17
閇	17
奝	17
倳	17
ই	17
ণ	17
萭	17
幨	17
丩	17
ɸ	17
挍	17
鋻	17
覑	17
㮙	17
䣓	17
恑	17
媋	17
嬈	17
覉	17
鐓	17
苃	17
桭	17
聨	17
挀	17
籔	17
籑	17
剴	17
鐶	17
鉭	17
懠	17
瓎	17
ள	17
ằ	17
稺	17
𣳫	17
虘	17
奲	17
綶	17
虙	17
靱	17
ఖ	17
繧	17
膉	17
廽	17
攅	17
福	17
馵	17
痡	17
曋	17
冝	17
犿	17
袠	17
ҙ	17
緫	17
온	17
簊	17
屴	17
崸	17
夈	17
弬	17
萅	17
㙉	17
灂	17
櫍	17
蒝	17
莚	17
騂	17
족	17
薡	17
ㅏ	17
鯤	17
縀	17
ṳ	17
袺	17
綃	17
粎	17
熴	17
糝	17
藭	17
嚰	17
銖	17
鋸	17
渙	17
溡	17
涇	17
鵤	17
ﾙ	17
勶	17
箟	17
奺	17
편	17
竳	17
頟	17
蜫	17
嬕	17
彃	17
陭	17
커	17
𫗇	17
緿	17
赽	17
ȥ	17
榗	17
葌	17
鰥	17
頾	17
瀢	17
휘	17
葊	17
鬙	17
狽	17
壥	17
簆	17
砐	17
懧	17
臖	17
廫	17
筺	17
倁	17
맥	17
鯽	17
灄	17
埮	17
僂	17
罁	17
跥	17
螧	17
鋣	17
樢	17
欱	17
渢	17
麫	17
翖	17
㻑	17
鱠	17
骭	17
令	17
尦	17
榺	17
縊	17
鋮	17
嶮	17
儔	17
飵	17
墇	17
黺	17
菆	17
驓	17
粷	17
哵	17
褸	17
癙	17
媔	17
鍹	17
搻	17
鑔	17
銇	17
龺	17
곱	17
粒	17
魰	17
袊	17
ˠ	17
뿜	17
㻞	17
鞢	17
帎	17
ԓ	17
矷	17
萯	17
桟	17
맛	17
偧	17
鴌	17
姧	17
爙	17
峢	17
𠮨	17
蒚	16
哶	16
ཧ	16
𨦡	16
ὑ	16
湨	16
雔	16
ཏ	16
ๆ	16
酼	16
蹧	16
蟭	16
隑	16
ۈ	16
巪	16
迠	16
ܠ	16
𦰏	16
搩	16
ἔ	16
į	16
𫔂	16
攟	16
裭	16
餹	16
輙	16
蘵	16
鶻	16
毱	16
螮	16
ừ	16
鬦	16
崳	16
극	16
𣨼	16
娋	16
沜	16
鴜	16
அ	16
겨	16
출	16
蚈	16
滛	16
洯	16
鰖	16
摌	16
諕	16
挧	16
銴	16
屪	16
蔿	16
脋	16
䇿	16
醞	16
栍	16
諽	16
餕	16
瑌	16
錊	16
檥	16
범	16
楜	16
醘	16
穵	16
ɥ	16
粇	16
裌	16
ಪ	16
𡰥	16
泿	16
鐺	16
玝	16
ច	16
蓭	16
䵋	16
ѵ	16
գ	16
柅	16
𪤄	16
𤈜	16
嶐	16
慉	16
嵮	16
畨	16
痎	16
駈	16
ㅣ	16
브	16
ख	16
噰	16
檰	16
ສ	16
鯏	16
골	16
룡	16
鋘	16
罿	16
규	16
縆	16
凟	16
ɗ	16
箂	16
漃	16
穾	16
ཚ	16
唂	16
암	16
橢	16
壴	16
嵆	16
疉	16
키	16
濽	16
櫊	16
𢙏	16
ভ	16
緞	16
瞼	16
齷	16
표	16
嚦	16
衚	16
僪	16
髲	16
ㅒ	16
匃	16
鱆	16
棏	16
朆	16
ｻ	16
ﾘ	16
ｶ	16
悇	16
楋	16
湞	16
樆	16
鴙	16
첫	16
테	16
망	16
麳	16
誩	16
獪	16
魓	16
陥	16
揟	16
ㅔ	16
斵	16
綠	16
ⱨ	16
鷞	16
訐	16
鞟	16
斅	16
萵	16
靎	16
訅	16
𢤮	16
篭	16
頷	16
琕	16
嬁	16
宲	16
剓	16
獹	16
狾	16
輵	16
ជ	16
킥	16
癘	16
譝	16
萛	16
熌	16
阸	16
翋	16
廦	16
雽	16
襤	16
鯀	16
圔	16
弫	16
栮	16
燶	16
鐙	16
裦	16
塕	16
羅	16
諞	16
璯	16
涊	16
巆	16
𦓿	16
躂	16
鐹	16
摚	16
鎱	16
摖	16
砶	16
燳	16
汒	16
鐦	16
眐	16
栙	16
轑	16
厱	16
纙	16
騟	16
濗	16
巕	16
絁	16
焤	16
裏	16
슈	15
垥	15
ཛ	15
허	15
灨	15
慙	15
逤	15
జ	15
㳠	15
尣	15
騆	15
ﾛ	15
惌	15
粰	15
甎	15
榯	15
暭	15
헤	15
銱	15
ܒ	15
槢	15
穅	15
焝	15
ਸ	15
怚	15
捔	15
ܢ	15
喭	15
娬	15
朂	15
ḏ	15
𫓱	15
抌	15
ϊ	15
儌	15
飃	15
槴	15
उ	15
擆	15
𫗦	15
ɜ	15
剱	15
舋	15
姺	15
銤	15
嚡	15
憣	15
邌	15
踗	15
薴	15
嘐	15
徲	15
鐋	15
噲	15
瀫	15
篊	15
俴	15
雦	15
揅	15
夰	15
鎠	15
誮	15
풍	15
縵	15
ದ	15
ಯ	15
మ	15
藚	15
ĺ	15
艑	15
ך	15
㷧	15
ஸ	15
플	15
蛵	15
瘏	15
ڭ	15
茪	15
騤	15
အ	15
လ	15
抇	15
鷕	15
ף	15
鑻	15
嚑	15
충	15
න	15
槄	15
譤	15
湗	15
鲓	15
犜	15
緇	15
ɓ	15
暚	15
昷	15
忲	15
膖	15
漇	15
鎇	15
瘧	15
穧	15
鐊	15
濳	15
礋	15
餭	15
鐄	15
魫	15
縼	15
罈	15
籞	15
篛	15
篿	15
橪	15
賍	15
嬸	15
躡	15
軼	15
哻	15
藪	15
蕓	15
侢	15
諆	15
ㅖ	15
ܬ	15
迼	15
偠	15
변	15
𪲔	15
幓	15
끝	15
쳐	15
ｼ	15
謄	15
脀	15
ල	15
齼	15
驘	15
貛	15
봄	15
މ	15
痏	15
潁	15
冸	15
轡	15
鯢	15
笰	15
甆	15
榾	15
坢	15
癴	15
羘	15
禜	15
暜	15
惀	15
膌	15
躩	15
鱜	15
攱	15
迏	15
訥	15
𧊕	15
醎	15
靊	15
纓	15
浌	15
欿	15
諍	15
魺	15
寴	15
鷆	15
貺	15
獉	15
栥	15
瓡	15
鸃	15
鶬	15
瞶	15
妵	15
湢	15
茡	15
絿	15
韎	15
豜	15
㼎	15
省	15
莁	15
揈	15
嶔	15
歟	15
滖	15
㖼	15
紜	15
鵮	15
荱	15
殸	15
珯	15
緡	15
欀	15
檖	15
妟	15
癇	15
鋂	15
挰	15
囋	15
𣷭	15
楇	15
攣	15
靈	15
椳	15
箽	15
孏	15
尲	15
𡎊	15
跙	15
泏	15
㛋	15
奫	14
ʥ	14
ㆢ	14
ὴ	14
鿬	14
龝	14
嫨	14
ㄪ	14
盠	14
煪	14
𫄠	14
蘶	14
鴩	14
칠	14
啑	14
았	14
槳	14
莍	14
힘	14
煬	14
塸	14
ḇ	14
奰	14
蛦	14
ਹ	14
碯	14
巓	14
漅	14
ὸ	14
姠	14
榬	14
倯	14
벌	14
刦	14
션	14
硦	14
鏕	14
ṁ	14
업	14
爯	14
霶	14
ղ	14
ķ	14
玴	14
摜	14
檈	14
臠	14
鷀	14
駺	14
薺	14
襸	14
宱	14
擈	14
脮	14
梑	14
誶	14
岓	14
絻	14
癠	14
擽	14
髇	14
稧	14
麚	14
ڤ	14
𫝵	14
斦	14
閁	14
秴	14
辠	14
筓	14
祳	14
堄	14
穊	14
ṉ	14
辤	14
冐	14
𠰷	14
聮	14
硈	14
련	14
耞	14
艔	14
畃	14
癚	14
膗	14
麮	14
釒	14
㝢	14
蟅	14
姯	14
ŗ	14
鏪	14
ⴰ	14
ұ	14
劘	14
魳	14
ཐ	14
掓	14
帴	14
侰	14
嫢	14
ව	14
ເ	14
𤊨	14
烄	14
㵂	14
菭	14
𠝹	14
궁	14
尌	14
睼	14
㼈	14
鬫	14
礯	14
蜪	14
槥	14
騏	14
絀	14
趈	14
鬖	14
鸔	14
摶	14
ƣ	14
眃	14
㴭	14
উ	14
靨	14
甌	14
烗	14
厧	14
鱑	14
暋	14
竈	14
饘	14
雺	14
赸	14
汍	14
濰	14
鄺	14
분	14
클	14
挜	14
韝	14
奅	14
ﾗ	14
櫎	14
鍞	14
劚	14
渿	14
饚	14
ɽ	14
ƭ	14
ｷ	14
ｺ	14
畕	14
ක	14
鬋	14
瑉	14
踁	14
郘	14
闞	14
弚	14
瑡	14
諾	14
鹻	14
僆	14
扤	14
鉽	14
僸	14
魡	14
佊	14
沞	14
矉	14
錳	14
蟼	14
櫚	14
䱂	14
ฮ	14
憆	14
剠	14
郆	14
繟	14
硋	14
鯩	14
僋	14
哹	14
瞡	14
叓	14
劶	14
磇	14
䉤	14
偤	14
鶫	14
碆	14
磒	14
笲	14
挋	14
蛬	14
緂	14
灖	14
綈	14
壋	14
磩	14
泦	14
櫛	14
扏	14
埐	14
瀸	14
陊	14
鸝	14
璕	14
彺	14
肙	14
舃	14
驦	14
犦	14
訽	14
呁	14
躉	14
覗	14
誯	14
𨻧	14
里	14
洔	14
禂	14
膓	14
鈆	14
嵃	14
攨	14
哅	14
釮	14
齎	14
誸	14
漏	14
塷	14
宑	14
鸗	14
袕	14
饟	14
炂	14
傟	14
滣	14
襽	14
菐	14
巹	14
詋	14
嬒	14
蔯	14
嫶	14
鋯	14
獩	14
鍢	14
揌	14
晍	14
轙	14
壍	14
嶤	14
塿	14
鐕	14
𤄫	14
籰	14
硺	14
飩	14
巄	14
蕳	14
檌	14
殙	14
帇	14
厙	14
岎	14
蛡	14
痝	14
謏	14
賆	14
偔	14
撯	14
蕶	14
祻	14
坾	14
袐	13
氜	13
錋	13
ĳ	13
毰	13
𥮾	13
ㆬ	13
蔇	13
驈	13
飇	13
釾	13
酧	13
蹷	13
閞	13
髤	13
џ	13
ҧ	13
ფ	13
岮	13
슨	13
ཟ	13
ෆ	13
ཕ	13
㩦	13
讘	13
擙	13
ṓ	13
畒	13
磵	13
夘	13
劙	13
詃	13
鳧	13
擸	13
刌	13
饀	13
帋	13
梮	13
鄛	13
থ	13
ষ	13
鼊	13
帗	13
ฉ	13
𨱈	13
증	13
銧	13
𠀤	13
俧	13
ѳ	13
虭	13
蛥	13
鋀	13
瞹	13
輈	13
ҳ	13
판	13
甞	13
鷧	13
玽	13
貃	13
箷	13
頳	13
軯	13
褏	13
鯟	13
袏	13
坿	13
鳾	13
誏	13
膡	13
葝	13
懓	13
塮	13
𪉈	13
潝	13
殕	13
齏	13
ई	13
蠺	13
銼	13
협	13
椬	13
巤	13
酈	13
墸	13
秠	13
筂	13
薎	13
澬	13
輀	13
䁔	13
페	13
鴡	13
壔	13
螔	13
漘	13
ਦ	13
曯	13
ည	13
緲	13
搼	13
ㅆ	13
鼖	13
廄	13
矀	13
嬝	13
殞	13
ք	13
肕	13
啚	13
癰	13
җ	13
龞	13
𨅬	13
喒	13
尿	13
祴	13
欙	13
ර	13
ģ	13
ທ	13
橅	13
鑙	13
㮵	13
塣	13
鵣	13
鈫	13
鴎	13
宅	13
瓆	13
蓗	13
翧	13
銫	13
糦	13
菾	13
恮	13
貲	13
樇	13
濲	13
嶡	13
啠	13
掋	13
ẹ	13
麌	13
鐆	13
襭	13
鶁	13
苽	13
掁	13
綆	13
逿	13
藹	13
鶥	13
秼	13
책	13
榪	13
鷚	13
螄	13
ɷ	13
싸	13
蠩	13
葹	13
齰	13
堷	13
䴈	13
ɳ	13
挆	13
詘	13
𧯄	13
紭	13
亴	13
櫘	13
媴	13
줄	13
岟	13
穖	13
鞵	13
銬	13
𩻸	13
箹	13
ත	13
贎	13
鼃	13
騪	13
塋	13
脕	13
箚	13
ٱ	13
趉	13
ʘ	13
蹹	13
囄	13
滺	13
棭	13
緆	13
抂	13
砪	13
敁	13
崢	13
稓	13
簣	13
譼	13
榵	13
軣	13
諂	13
叀	13
腗	13
牨	13
矹	13
砋	13
呚	13
碿	13
僗	13
斺	13
鶩	13
熅	13
𤈶	13
樭	13
篶	13
蘙	13
苆	13
豻	13
曐	13
瀤	13
湹	13
𫠏	13
鉐	13
髩	13
齸	13
篘	13
孉	13
謶	13
騍	13
鏙	13
頺	13
烢	13
訿	13
鎿	13
簔	13
寷	13
轊	13
橕	13
黶	13
膫	13
崯	13
愴	13
句	13
軃	13
裠	13
陸	13
疞	13
諔	13
蜽	13
儙	13
躊	13
冷	13
ރ	13
奯	13
捦	13
鶂	13
籛	13
絍	13
醆	13
迋	13
翐	13
釔	13
橴	13
藌	13
揰	13
烈	13
累	13
樧	13
誢	13
凬	13
鍯	13
浢	13
璑	13
柌	13
抧	13
鄟	13
荋	13
褌	13
茢	13
舼	13
蕟	13
熗	13
詖	13
餋	13
簍	13
腣	13
膹	13
挏	13
銍	13
徶	13
鼟	13
𠐓	13
眝	13
怣	13
蝩	13
獮	13
唨	13
鴍	13
퍼	12
鈿	12
炍	12
髵	12
𢀛	12
ㆡ	12
剸	12
胻	12
䵍	12
ㆭ	12
蒒	12
犚	12
紨	12
褅	12
棢	12
曣	12
螆	12
蛌	12
절	12
런	12
끼	12
쁜	12
䢂	12
瀡	12
倄	12
穬	12
磿	12
ⲁ	12
鶠	12
蟁	12
諎	12
匵	12
𩅦	12
𫚧	12
鵀	12
鶲	12
眡	12
鈪	12
繵	12
枆	12
𫈟	12
赯	12
ʯ	12
ㆦ	12
ṫ	12
槾	12
ґ	12
항	12
㞗	12
ʹ	12
鉝	12
灠	12
跀	12
闒	12
嶩	12
焁	12
疷	12
汅	12
椶	12
偗	12
劤	12
嗿	12
갑	12
峷	12
刞	12
ங	12
ܡ	12
褷	12
溓	12
柣	12
న	12
藸	12
絓	12
繝	12
ਲ	12
ď	12
肹	12
䐶	12
杝	12
癓	12
웅	12
啘	12
蓳	12
ር	12
杸	12
緘	12
荝	12
褹	12
朼	12
蠿	12
痐	12
䁥	12
縅	12
䓤	12
탄	12
ӱ	12
醧	12
䕶	12
㗰	12
楈	12
誖	12
墏	12
櫄	12
彸	12
橾	12
笐	12
燽	12
瑘	12
𧨳	12
葓	12
택	12
嫿	12
緎	12
㘭	12
炧	12
徾	12
遃	12
罬	12
涺	12
伆	12
焹	12
娏	12
轠	12
黲	12
鋟	12
撋	12
蜌	12
萪	12
움	12
ӄ	12
雗	12
鬊	12
蛣	12
詼	12
蘽	12
笶	12
箻	12
攋	12
躾	12
ތ	12
儻	12
든	12
떡	12
ȳ	12
흑	12
囁	12
ற	12
褱	12
艪	12
黿	12
ﾋ	12
姢	12
ཞ	12
ץ	12
廱	12
芀	12
盫	12
蟝	12
噒	12
煀	12
錩	12
郶	12
譆	12
猠	12
躋	12
浪	12
鑐	12
鵻	12
芇	12
鱮	12
轥	12
籕	12
鬵	12
觵	12
균	12
笿	12
埩	12
奒	12
刾	12
絘	12
耴	12
窱	12
摼	12
搈	12
㻅	12
裻	12
爎	12
필	12
곁	12
仦	12
镽	12
凷	12
骫	12
懻	12
鞻	12
顟	12
趧	12
癑	12
檼	12
竆	12
繠	12
魦	12
焇	12
鎩	12
纘	12
畡	12
鴕	12
袘	12
遳	12
熧	12
嶯	12
譻	12
憦	12
鈗	12
龎	12
㝬	12
犓	12
蹎	12
鸆	12
㵑	12
簥	12
鐝	12
謅	12
嶞	12
樃	12
唚	12
鈩	12
塐	12
鰃	12
鯠	12
顳	12
絎	12
㠱	12
嚳	12
襥	12
閂	12
鞺	12
燗	12
螝	12
瀖	12
歖	12
慯	12
菮	12
ខ	12
鯆	12
愡	12
漌	12
懛	12
鮔	12
孲	12
卹	12
艖	12
妷	12
秹	12
抋	12
蕜	12
塞	12
蠞	12
芆	12
虲	12
蝹	12
酕	12
瓇	12
鎡	12
壙	12
顑	12
峴	12
鴢	12
鱸	12
顙	12
獔	12
餳	12
鯰	12
沯	12
慀	12
抭	12
㴐	12
蕵	12
淗	12
枺	12
霗	12
ԑ	12
𫔕	12
炢	12
鯾	12
ᕕ	12
㳟	12
躪	11
嘜	11
ḃ	11
矺	11
亯	11
濔	11
㬙	11
ʧ	11
屚	11
𫛳	11
銕	11
ϝ	11
ฑ	11
㑹	11
詌	11
掽	11
侐	11
羉	11
缿	11
摝	11
락	11
巗	11
廏	11
돼	11
혼	11
騮	11
머	11
젠	11
맞	11
駟	11
瓪	11
嬎	11
ὰ	11
坈	11
㶶	11
㶉	11
𦈌	11
獛	11
瀜	11
臇	11
蘥	11
犞	11
패	11
檃	11
㮣	11
揇	11
죠	11
啨	11
俻	11
ṡ	11
ᐃ	11
矓	11
𫟲	11
䵺	11
籚	11
茟	11
馷	11
鶞	11
榳	11
鮁	11
鑭	11
嶫	11
邼	11
趪	11
筧	11
袲	11
醈	11
誟	11
餆	11
縴	11
棞	11
蠮	11
鬳	11
挩	11
矙	11
墋	11
甀	11
蘐	11
暓	11
頯	11
ठ	11
ฐ	11
齺	11
轇	11
犅	11
孷	11
噝	11
粏	11
鈷	11
殧	11
焭	11
ẩ	11
貕	11
搳	11
ڈ	11
밀	11
ए	11
గ	11
蒪	11
莧	11
또	11
슴	11
ಮ	11
వ	11
摱	11
癊	11
篻	11
豀	11
㐅	11
ʽ	11
ደ	11
ຈ	11
蜲	11
黵	11
笖	11
ӳ	11
醖	11
韤	11
ӓ	11
菎	11
塼	11
疌	11
趮	11
湏	11
渒	11
腷	11
縺	11
柧	11
𩷕	11
韁	11
𡐤	11
燰	11
𢣴	11
䞐	11
錹	11
挶	11
犉	11
鮊	11
羳	11
𠵼	11
翨	11
蜨	11
寣	11
飣	11
䤈	11
റ	11
鮽	11
橷	11
巏	11
擯	11
疨	11
砇	11
餢	11
烌	11
陿	11
담	11
䢿	11
謡	11
愩	11
緷	11
紦	11
鏞	11
紉	11
鉚	11
긴	11
捛	11
袨	11
𫘛	11
谽	11
嚔	11
ᦶ	11
ނ	11
蹘	11
膮	11
찌	11
厸	11
韛	11
𫝭	11
韔	11
譠	11
悤	11
ប	11
矲	11
癋	11
玀	11
鸙	11
蒖	11
醰	11
稶	11
裂	11
㻗	11
蓪	11
胦	11
磤	11
蓀	11
酜	11
ẳ	11
ʎ	11
ʇ	11
沎	11
臚	11
趷	11
鬇	11
醝	11
鰈	11
魬	11
올	11
胉	11
岾	11
茦	11
溛	11
踷	11
禯	11
쏘	11
檙	11
խ	11
癆	11
𫟸	11
騫	11
鳰	11
煔	11
窽	11
礹	11
儰	11
盢	11
篫	11
箉	11
糂	11
잖	11
ን	11
鶶	11
醿	11
呍	11
嵠	11
颳	11
齹	11
槝	11
繮	11
甒	11
銁	11
烐	11
㙔	11
晠	11
傮	11
啙	11
樅	11
棴	11
孈	11
臗	11
鶑	11
焀	11
鱦	11
鶖	11
梖	11
篳	11
躣	11
跊	11
繣	11
鸕	11
澿	11
篬	11
軥	11
炄	11
鋇	11
藧	11
輖	11
惡	11
䅁	11
㒜	11
偋	11
娧	11
糱	11
嵶	11
笎	11
蒅	11
𫟴	11
茿	11
籶	11
謋	11
濵	11
戺	11
钂	11
莄	11
璵	11
餱	11
齲	11
榢	11
烿	11
嶸	11
鄔	11
峜	11
찜	11
鵔	11
鮕	11
豵	11
騴	11
襡	11
噮	11
葮	11
帲	11
稇	11
蟤	11
溌	11
儨	11
鮃	11
蒓	11
鍅	11
繶	11
慼	11
凚	11
嘊	11
聠	11
埦	11
倸	11
鳸	11
勞	11
懰	11
睓	11
𡩀	11
輣	11
閶	11
旤	11
頙	11
翽	11
錽	11
靉	11
懣	11
捾	11
戅	11
灡	11
餪	11
啛	11
혹	11
睉	11
鰠	11
ᧂ	10
㕭	10
蜄	10
聕	10
ᠠ	10
谹	10
凾	10
㝉	10
ະ	10
珻	10
騜	10
劅	10
槬	10
㷩	10
𣉙	10
팔	10
搤	10
廀	10
娽	10
紟	10
얘	10
좀	10
넌	10
癪	10
煱	10
朾	10
熽	10
ϙ	10
骿	10
筫	10
㝅	10
俇	10
晘	10
ἁ	10
ὄ	10
焑	10
婒	10
ɟ	10
碒	10
餧	10
鰊	10
鉫	10
氠	10
𡿨	10
衺	10
ㆤ	10
센	10
奱	10
ѓ	10
ѕ	10
ѡ	10
ѽ	10
뉴	10
襉	10
軵	10
焍	10
睅	10
豏	10
醶	10
踓	10
蓤	10
灙	10
蛂	10
縙	10
笧	10
迃	10
橆	10
敟	10
嘵	10
噧	10
銐	10
絸	10
辡	10
挗	10
廭	10
蚻	10
鈲	10
樌	10
镾	10
臽	10
燴	10
饂	10
銨	10
撧	10
捓	10
楏	10
欇	10
殥	10
鰌	10
ਗ	10
ধ	10
剚	10
羠	10
嫥	10
棔	10
慴	10
繸	10
嚽	10
ಬ	10
ಳ	10
ಲ	10
ಸ	10
饜	10
捸	10
𢃇	10
毴	10
衑	10
륙	10
癟	10
燘	10
鲄	10
鮧	10
耊	10
嵑	10
ӑ	10
髗	10
դ	10
დ	10
త	10
ӧ	10
ϕ	10
ǰ	10
乹	10
憹	10
느	10
鴠	10
傊	10
ỷ	10
탑	10
橂	10
앙	10
毊	10
瘎	10
埲	10
პ	10
矆	10
ພ	10
ກ	10
ழ	10
坄	10
絠	10
격	10
欆	10
鋷	10
䐾	10
蚾	10
犐	10
傱	10
ដ	10
翓	10
礩	10
惏	10
틱	10
閺	10
嗩	10
嫷	10
軦	10
絝	10
籵	10
鋰	10
鴮	10
韊	10
鄇	10
艗	10
鍆	10
銺	10
𫑘	10
藒	10
萲	10
颵	10
帾	10
蕇	10
𫐖	10
ও	10
齪	10
脥	10
鶺	10
籂	10
儮	10
餒	10
忈	10
稈	10
ܫ	10
𧀲	10
漀	10
鱫	10
餷	10
ﾏ	10
愨	10
畼	10
ƴ	10
輨	10
峝	10
엔	10
櫱	10
褿	10
衉	10
繛	10
譹	10
黸	10
衯	10
衇	10
霣	10
礒	10
諓	10
屳	10
郖	10
샤	10
艓	10
筬	10
ދ	10
贗	10
ẫ	10
嵧	10
攠	10
掄	10
厪	10
葼	10
紆	10
㧏	10
輘	10
衋	10
儑	10
籊	10
徔	10
迊	10
贁	10
覿	10
嫝	10
羺	10
ৰ	10
栠	10
兏	10
ㅉ	10
𫛤	10
磌	10
躼	10
𤊹	10
籯	10
嬋	10
櫅	10
痥	10
嚹	10
臔	10
膟	10
腁	10
瞣	10
馜	10
罜	10
簤	10
䄔	10
𥑮	10
潅	10
啽	10
骽	10
ލ	10
刺	10
磢	10
犑	10
검	10
辥	10
衱	10
菗	10
欃	10
欦	10
蕄	10
捗	10
巶	10
矑	10
嬀	10
縭	10
蔞	10
絤	10
刏	10
齜	10
糽	10
秿	10
艣	10
抸	10
絈	10
斪	10
簵	10
衼	10
鶅	10
鵆	10
銢	10
緗	10
紿	10
幱	10
劎	10
軁	10
椊	10
稁	10
鉠	10
巈	10
謟	10
斆	10
ራ	10
澻	10
였	10
圵	10
礨	10
鳱	10
鉍	10
儖	10
雈	10
矐	10
鄿	10
鴔	10
筣	10
癉	10
塺	10
悀	10
燌	10
頱	10
橵	10
劊	10
鐽	10
帬	10
崍	10
鏆	10
閷	10
嗊	10
忂	10
詀	10
砿	10
烍	10
礈	10
胿	10
蝿	10
鎦	10
鮼	10
鈻	10
傂	10
鯡	10
鑡	10
葄	10
耭	10
扡	10
礏	10
橝	10
枮	10
嵱	10
箿	10
悿	10
짠	10
អ	10
贒	10
愾	10
勆	10
輺	10
鮙	10
礷	10
鎑	10
樳	10
蟵	10
礔	10
鼲	10
湙	10
媍	10
嘳	10
澾	10
紕	10
輅	10
剘	10
諛	10
彶	10
禞	10
ㆁ	10
擣	10
榲	10
謓	10
綳	10
濏	10
酭	10
藃	10
婽	10
ཅ	10
譩	10
𡪿	10
鷎	10
脠	10
猣	10
褺	10
褖	10
㝝	10
따	10
齌	10
呧	10
雷	10
簓	10
㮒	10
曎	10
喢	10
瞃	10
衸	10
𤠣	10
柋	10
洛	10
뻐	10
騵	10
嚂	10
驣	10
𡪠	10
㘃	10
剆	10
譕	10
鼚	10
駑	10
鈶	10
儯	10
鸌	10
𬉺	10
魐	10
尵	10
魛	10
腬	10
挱	10
釟	10
軑	10
戁	10
鐈	10
亪	10
賅	10
圽	10
莡	10
ͼ	10
鶙	10
얀	10
ຫ	9
ˤ	9
穪	9
緉	9
腢	9
璔	9
瓂	9
鰴	9
鄐	9
惂	9
낙	9
ƶ	9
ზ	9
岯	9
犝	9
짜	9
잔	9
糳	9
躆	9
엇	9
럽	9
떻	9
𪴙	9
ʝ	9
譧	9
ⲟ	9
鑀	9
ঙ	9
薚	9
蠽	9
祒	9
鬕	9
刱	9
籒	9
袌	9
ۋ	9
棃	9
諻	9
瀁	9
儬	9
篏	9
ᒃ	9
軰	9
𤇹	9
纎	9
飰	9
ḵ	9
ㆨ	9
麭	9
詶	9
𨱎	9
姾	9
鯳	9
荢	9
鱯	9
乴	9
詙	9
稏	9
瓼	9
睳	9
崪	9
琾	9
薉	9
憖	9
肂	9
鸏	9
婯	9
閅	9
ཉ	9
鬌	9
愊	9
贙	9
菺	9
殩	9
孹	9
遌	9
楴	9
狑	9
挔	9
雼	9
幠	9
溈	9
豓	9
檉	9
釕	9
楌	9
蘤	9
𣏢	9
腲	9
岹	9
𧶛	9
釼	9
趞	9
릿	9
礇	9
ತ	9
蒩	9
蚥	9
鷾	9
窹	9
ㄲ	9
韱	9
榝	9
膲	9
穚	9
ទ	9
閈	9
蟖	9
ฝ	9
ҫ	9
𨥈	9
엘	9
ﻌ	9
杽	9
ḻ	9
ⵉ	9
俁	9
ӯ	9
ӭ	9
蓫	9
蟉	9
貄	9
陗	9
𩙪	9
며	9
짝	9
塯	9
祱	9
鍡	9
媦	9
衵	9
袟	9
သ	9
စ	9
藑	9
渷	9
ƽ	9
ໂ	9
ຕ	9
ບ	9
𫘞	9
㶇	9
㙾	9
茐	9
鱰	9
拵	9
檾	9
斖	9
毧	9
牬	9
ძ	9
徣	9
梺	9
詺	9
馼	9
蠒	9
褈	9
駰	9
ῥ	9
埊	9
郥	9
沀	9
潻	9
扷	9
胢	9
慞	9
嬂	9
郣	9
顅	9
躴	9
魘	9
畘	9
赮	9
鷬	9
嵞	9
觷	9
匲	9
顥	9
蜙	9
ƕ	9
殫	9
腝	9
豰	9
蔆	9
鯼	9
鼶	9
璖	9
摬	9
চ	9
খ	9
ছ	9
捿	9
鷳	9
鵯	9
俹	9
嫼	9
참	9
姂	9
먼	9
鎘	9
惲	9
硨	9
瓲	9
醊	9
胇	9
ǃ	9
窐	9
결	9
쓰	9
졌	9
믿	9
약	9
𫓰	9
朹	9
짓	9
聑	9
覞	9
踀	9
鍂	9
익	9
聸	9
ฏ	9
鱌	9
㩪	9
ល	9
ස	9
韞	9
銸	9
鍫	9
瞨	9
𨱋	9
惵	9
藊	9
佄	9
篅	9
謰	9
誋	9
瑏	9
𣶩	9
𪶄	9
ỗ	9
ǟ	9
ỵ	9
驔	9
곤	9
邏	9
喐	9
𫓵	9
裓	9
蕢	9
嶠	9
憅	9
拪	9
賩	9
颶	9
鷂	9
癐	9
乯	9
鶣	9
𨰜	9
肣	9
豍	9
𫘩	9
盚	9
宒	9
婙	9
峟	9
嬺	9
凁	9
刉	9
珿	9
竨	9
匰	9
絴	9
碝	9
瘯	9
嶎	9
䠷	9
桚	9
굴	9
𠌯	9
軹	9
覹	9
蛅	9
鶀	9
餁	9
逜	9
滻	9
賾	9
褑	9
愵	9
銗	9
臎	9
襶	9
躳	9
勂	9
脻	9
耮	9
豴	9
佅	9
姄	9
漝	9
墑	9
歒	9
觡	9
飌	9
揂	9
劮	9
辪	9
蛿	9
灔	9
蕱	9
甼	9
旚	9
鮲	9
顊	9
蠴	9
瓋	9
趽	9
覎	9
貏	9
爂	9
壚	9
橰	9
쿵	9
詓	9
洦	9
㺹	9
젯	9
賮	9
窧	9
洷	9
嫾	9
櫨	9
繜	9
㭿	9
ཨ	9
牑	9
យ	9
𫞗	9
伄	9
螿	9
蘱	9
鉸	9
賫	9
珶	9
鋽	9
빙	9
諼	9
藍	9
絑	9
鏶	9
傌	9
鏜	9
飭	9
欁	9
鰧	9
鎈	9
緄	9
揗	9
嶣	9
昋	9
恡	9
怭	9
楲	9
麨	9
謍	9
襳	9
饉	9
塒	9
潐	9
捝	9
臱	9
盵	9
噄	9
懙	9
皗	9
滑	9
甋	9
燍	9
葧	9
轆	9
擵	9
蹝	9
靆	9
塹	9
渮	9
傰	9
瘻	9
惖	9
鑠	9
昮	9
皽	9
屗	9
潹	9
笣	9
䄄	9
팅	9
曒	9
翝	9
灮	9
魧	9
籆	9
繅	9
欈	9
韗	9
瘄	9
刡	9
㝘	9
𡾊	9
쩌	9
鰿	9
諰	9
硜	9
䘗	9
儭	9
繢	9
礱	9
輂	9
躌	9
邤	9
ឡ	9
弿	9
䲀	9
𩕏	9
勵	9
脭	9
𧩡	9
粶	9
𮡶	9
夁	9
佭	9
恞	9
𭴊	9
𬓋	9
ₐ	9
誂	9
訖	9
賵	9
豯	9
縋	9
衶	9
熫	9
扨	9
禮	9
憀	9
履	9
湚	9
艞	9
躨	9
屖	9
𠆤	9
𧗾	9
摑	8
뷰	8
𫄟	8
𫈎	8
𨥤	8
𪨷	8
檋	8
呄	8
छ	8
韴	8
𦀚	8
醻	8
匴	8
欯	8
搮	8
噣	8
𫚋	8
覸	8
娹	8
敆	8
巬	8
澲	8
㾿	8
黆	8
써	8
ƪ	8
색	8
쁘	8
많	8
轞	8
攡	8
ℵ	8
ɮ	8
硩	8
ద	8
鷙	8
ᾶ	8
芕	8
𫛶	8
ਮ	8
ਨ	8
醓	8
𫋻	8
嵽	8
फ	8
𦶟	8
շ	8
ẖ	8
蒆	8
𧊒	8
𤌙	8
ḳ	8
麰	8
腜	8
鸐	8
鹸	8
螜	8
沶	8
ㆵ	8
鏴	8
ȝ	8
ѱ	8
𪻐	8
𫘤	8
ஜ	8
ḡ	8
嵡	8
蹮	8
訆	8
瓔	8
擉	8
鯁	8
糛	8
瓾	8
鰀	8
宺	8
莻	8
躽	8
鑩	8
鎪	8
毢	8
眱	8
颼	8
鴰	8
抈	8
榩	8
毾	8
銔	8
炨	8
薣	8
肰	8
蕒	8
勓	8
姅	8
訲	8
蘏	8
覝	8
葀	8
蜳	8
軧	8
薽	8
鶹	8
掔	8
淢	8
ӕ	8
疿	8
𧯢	8
趡	8
浺	8
橎	8
蛽	8
鷈	8
檷	8
秈	8
蜦	8
㼅	8
ܩ	8
顇	8
농	8
ŕ	8
暴	8
拲	8
ې	8
蒑	8
汘	8
ಚ	8
ವ	8
ಹ	8
ര	8
蘰	8
絚	8
蠷	8
ਜ	8
ɰ	8
踻	8
鋧	8
猈	8
串	8
ㄸ	8
轈	8
螊	8
ર	8
嚾	8
숭	8
庂	8
忩	8
䄙	8
इ	8
ⵔ	8
ӥ	8
偹	8
錆	8
梪	8
ခ	8
蛨	8
覵	8
謈	8
焬	8
纐	8
𩆩	8
嶻	8
奜	8
㰂	8
㳦	8
𤉎	8
㙻	8
𨰘	8
櫏	8
㳛	8
𣵧	8
靏	8
疘	8
箈	8
䋊	8
𫄶	8
謣	8
趜	8
繲	8
埁	8
蕋	8
빤	8
翪	8
伖	8
鶘	8
蓩	8
ϑ	8
ባ	8
毈	8
頮	8
鏏	8
麏	8
仜	8
蓴	8
磖	8
饛	8
幜	8
疻	8
秲	8
蜸	8
浳	8
蠉	8
竓	8
腏	8
猐	8
ฒ	8
崵	8
啿	8
嚫	8
霚	8
訹	8
麆	8
অ	8
鶚	8
賗	8
蓻	8
峐	8
霋	8
漞	8
歬	8
ᧅ	8
𫓿	8
荰	8
剼	8
櫙	8
紪	8
箮	8
彇	8
椏	8
絊	8
섭	8
ﾃ	8
晿	8
ਬ	8
檣	8
敯	8
㝹	8
蔰	8
踍	8
鼺	8
鸘	8
梔	8
軺	8
ؤ	8
撆	8
ට	8
誵	8
貣	8
搘	8
憰	8
嚊	8
豧	8
裷	8
犌	8
埞	8
躀	8
嫸	8
櫼	8
鮘	8
炓	8
躥	8
榌	8
蒠	8
蛺	8
鬁	8
篣	8
肵	8
曊	8
轢	8
綣	8
諿	8
躦	8
奙	8
쇼	8
ռ	8
鱺	8
镺	8
菧	8
醏	8
銻	8
徢	8
蟩	8
囆	8
匧	8
剒	8
縇	8
睝	8
砓	8
禲	8
捳	8
璍	8
藼	8
噆	8
瀺	8
깨	8
僨	8
醕	8
멋	8
鸎	8
𣚦	8
蕍	8
쌍	8
篔	8
覴	8
嫛	8
隖	8
恦	8
蒰	8
鐖	8
敠	8
袉	8
峵	8
稸	8
襅	8
腞	8
肗	8
爢	8
鰽	8
誗	8
胑	8
鑎	8
侳	8
鼛	8
黷	8
趛	8
鬔	8
曅	8
滭	8
譃	8
鍇	8
碅	8
蔮	8
湈	8
讛	8
螼	8
槹	8
秇	8
鈸	8
譺	8
鵋	8
嵏	8
潌	8
櫋	8
輷	8
廡	8
灧	8
塳	8
鵨	8
俔	8
竏	8
穕	8
嚉	8
賙	8
軮	8
竵	8
窚	8
敪	8
鮱	8
氒	8
徥	8
㫛	8
葃	8
戨	8
騭	8
輢	8
𪷍	8
櫟	8
鯗	8
耲	8
譳	8
檚	8
縘	8
樬	8
盕	8
颾	8
袦	8
韑	8
𫛟	8
篨	8
枛	8
釙	8
짱	8
癩	8
挮	8
訧	8
泍	8
墰	8
怉	8
湕	8
楍	8
俲	8
孻	8
餖	8
耓	8
縟	8
魝	8
鷴	8
忢	8
鍷	8
俉	8
稫	8
偺	8
麡	8
禡	8
肁	8
睊	8
磟	8
銣	8
瀐	8
軝	8
灎	8
淿	8
槈	8
㝗	8
獰	8
蓈	8
鋌	8
軜	8
欨	8
挘	8
鴹	8
穼	8
勜	8
毄	8
奊	8
迉	8
驉	8
蚹	8
繾	8
瓽	8
秢	8
蘺	8
螕	8
菳	8
暡	8
腤	8
嶺	8
齞	8
峬	8
犡	8
餎	8
砡	8
罦	8
藢	8
癤	8
衟	8
鉊	8
愋	8
鉳	8
籗	8
釶	8
翢	8
炚	8
館	8
礰	8
怘	8
諣	8
璦	8
圇	8
訡	8
閜	8
鴥	8
繗	8
捵	8
魿	8
𤣾	8
鶋	8
鸇	8
恷	8
汬	8
訮	8
邞	8
濜	8
𡩄	8
𡧽	8
𭖂	8
鞾	8
翞	8
聅	8
暙	8
殺	8
ӻ	8
ꚍ	8
ꙉ	8
ꙣ	8
ꙥ	8
葔	8
皧	8
𨼪	8
箛	8
敚	8
劺	8
慏	8
揥	8
飥	8
蹞	8
鶜	8
鑪	8
鰋	8
蘪	8
呹	8
鎣	8
䍙	8
ꏿ	8
䞍	8
鋚	8
샷	8
吆	8
籮	7
𫛞	7
ʣ	7
ᥖ	7
𤐤	7
𡗨	7
丳	7
ێ	7
ɩ	7
ㆲ	7
偫	7
ɴ	7
綕	7
睸	7
箯	7
岉	7
黰	7
籿	7
鄵	7
觙	7
欍	7
櫶	7
ἠ	7
藎	7
廅	7
娻	7
欛	7
齟	7
盙	7
褘	7
鼡	7
꾸	7
礸	7
틀	7
멍	7
받	7
癧	7
睧	7
瓁	7
셔	7
ㅝ	7
啳	7
ҟ	7
ԟ	7
օ	7
憘	7
ⲣ	7
鋖	7
𧈢	7
𧏡	7
ͳ	7
ċ	7
ਘ	7
殟	7
㥽	7
麄	7
ὠ	7
𫲨	7
馲	7
郻	7
㶽	7
𠵱	7
𠵆	7
颸	7
粊	7
ᖅ	7
㔨	7
ฆ	7
㠯	7
錍	7
擪	7
黕	7
葟	7
迲	7
赥	7
姰	7
ќ	7
ҵ	7
ҁ	7
ƿ	7
ѿ	7
ѯ	7
앤	7
չ	7
鉦	7
儠	7
堫	7
扝	7
鏒	7
钄	7
餩	7
鎎	7
繥	7
艥	7
渆	7
譱	7
櫽	7
袣	7
顬	7
蟘	7
濣	7
撨	7
攍	7
柨	7
楐	7
彏	7
崺	7
萒	7
扟	7
矘	7
壗	7
瞗	7
歱	7
襎	7
葪	7
轗	7
鑟	7
跴	7
闤	7
儤	7
駞	7
ᐊ	7
煍	7
鰒	7
溤	7
剨	7
斘	7
躎	7
伔	7
纄	7
勽	7
稬	7
穇	7
ᠢ	7
郔	7
쥬	7
𪨗	7
琑	7
轁	7
렬	7
ት	7
ግ	7
잡	7
స	7
య	7
പ	7
艭	7
踕	7
萈	7
犃	7
酻	7
饁	7
畓	7
𤟥	7
ӣ	7
𫛪	7
戩	7
𡩈	7
አ	7
蛜	7
𤆬	7
竔	7
ဆ	7
捈	7
료	7
ӆ	7
薕	7
籨	7
慹	7
貑	7
㕑	7
跜	7
襵	7
𣐿	7
娊	7
趏	7
剭	7
愝	7
譊	7
伻	7
𨱂	7
鈘	7
𤊻	7
薵	7
簄	7
瞱	7
鯫	7
蕕	7
ĸ	7
𩵚	7
汻	7
𢱿	7
搉	7
箊	7
扖	7
鉯	7
燩	7
坃	7
樀	7
鰇	7
鯿	7
偝	7
閆	7
懕	7
胓	7
虥	7
謒	7
熃	7
釫	7
粌	7
垀	7
畻	7
鷭	7
騥	7
舏	7
鏔	7
忦	7
쟁	7
ɠ	7
贑	7
逘	7
卪	7
獱	7
䕫	7
箰	7
蘹	7
폭	7
圦	7
ڑ	7
孿	7
慺	7
葒	7
渹	7
捖	7
𨜳	7
瀊	7
䮐	7
ｨ	7
ﾚ	7
鯺	7
敊	7
惉	7
攼	7
緛	7
潧	7
ມ	7
硘	7
릉	7
鑂	7
ｬ	7
ｲ	7
艵	7
엄	7
ㅚ	7
兤	7
澟	7
搹	7
楿	7
瞚	7
ǻ	7
楰	7
ද	7
齽	7
膱	7
鼏	7
褠	7
臐	7
왔	7
ඔ	7
緮	7
ฤ	7
ⱥ	7
ḩ	7
ẑ	7
犕	7
곡	7
哣	7
趌	7
擏	7
藞	7
鬹	7
蒀	7
羦	7
騺	7
瀿	7
訌	7
銩	7
橉	7
椻	7
蒦	7
餼	7
袇	7
輻	7
軕	7
撔	7
菙	7
灦	7
窤	7
꺼	7
灟	7
鴆	7
嶬	7
瞝	7
蠘	7
跿	7
鵧	7
貈	7
觩	7
僓	7
坕	7
僫	7
刯	7
昗	7
疩	7
瞦	7
抮	7
鍣	7
櫤	7
莑	7
𪉖	7
𫅗	7
鋨	7
캐	7
庻	7
蒮	7
慂	7
㢉	7
𪸕	7
薱	7
遾	7
鱍	7
餥	7
羀	7
檏	7
爮	7
蚽	7
譅	7
鉺	7
撎	7
灒	7
鱃	7
鑝	7
珡	7
靪	7
軂	7
鰮	7
卂	7
㠂	7
砱	7
镻	7
儺	7
옛	7
讞	7
猍	7
餦	7
歗	7
擶	7
儩	7
綛	7
祪	7
聢	7
猌	7
跾	7
騦	7
靀	7
皼	7
檹	7
瞔	7
齵	7
逪	7
鏩	7
怶	7
嶑	7
驑	7
銡	7
鞃	7
腪	7
壀	7
紲	7
鑇	7
焎	7
ᄅ	7
窲	7
鋠	7
謼	7
橶	7
簴	7
囀	7
爗	7
軻	7
㜲	7
詎	7
煢	7
乫	7
䫈	7
碐	7
傤	7
紣	7
灚	7
錪	7
鐀	7
僲	7
𪭢	7
碵	7
毿	7
曨	7
腇	7
堶	7
疓	7
顋	7
櫣	7
駻	7
謻	7
籦	7
肔	7
麱	7
㖿	7
稤	7
𡹘	7
ⵏ	7
㘯	7
遟	7
𠣬	7
縐	7
籋	7
㪷	7
躃	7
賷	7
磣	7
欞	7
儫	7
谻	7
靝	7
燯	7
蚏	7
鳬	7
櫸	7
忀	7
鏯	7
煰	7
巋	7
鈠	7
爼	7
暩	7
縥	7
坓	7
騐	7
蜠	7
輥	7
鰪	7
輠	7
㝵	7
賋	7
慔	7
稯	7
韀	7
蔖	7
狊	7
羒	7
騸	7
詜	7
蚔	7
鎾	7
澕	7
鮦	7
瀽	7
燸	7
鮄	7
僌	7
髿	7
睋	7
鴶	7
坙	7
蘈	7
馶	7
釃	7
倹	7
陚	7
瓝	7
飿	7
誷	7
鮵	7
嬼	7
孆	7
寏	7
亱	7
臦	7
禉	7
栶	7
熚	7
猙	7
鎞	7
噦	7
蔜	7
頴	7
棇	7
抏	7
屶	7
鶊	7
穻	7
銂	7
熢	7
崥	7
鉶	7
㫕	7
饡	7
躓	7
酄	7
颬	7
谾	7
嚘	7
鮝	7
裗	7
輊	7
辳	7
唈	7
鋱	7
惁	7
蟨	7
垗	7
纑	7
椨	7
듣	7
붐	7
縃	7
舓	7
嗠	7
碸	7
蚸	7
苀	7
蠀	7
椧	7
盁	7
詂	7
鐳	7
僠	7
蚉	7
𡑵	7
㶨	7
蚼	7
醟	7
颷	7
浫	7
瓕	7
螡	7
罀	7
梐	7
鍺	7
罎	7
閍	7
멀	7
僉	7
嚖	7
璾	7
璭	7
抩	7
ㅿ	7
ㆆ	7
髐	7
䪧	7
鋢	7
歿	7
𡨢	7
𡩢	7
鞱	7
ޅ	7
ބ	7
朷	7
椔	7
彾	7
虝	7
悥	7
銉	7
毨	7
𦅫	7
獧	7
ԁ	7
ԃ	7
ԇ	7
ԉ	7
ԋ	7
ԍ	7
ԏ	7
ԛ	7
ԯ	7
𠈅	7
ԕ	7
ԗ	7
ӽ	7
𩅽	7
笇	7
粅	7
烼	7
釂	7
𫗬	7
迣	7
爘	7
恲	7
汷	7
甐	7
嫞	7
釳	7
荕	7
錸	7
鞸	7
梩	7
駚	7
泀	7
橭	7
灲	7
樐	7
恗	7
儧	7
斸	7
契	7
疺	7
箼	7
惃	7
樜	7
碫	7
氁	7
詾	7
佨	7
揧	7
碮	7
眿	7
峾	7
釤	6
축	6
ᥰ	6
ᦺ	6
ṟ	6
ὺ	6
劗	6
隟	6
ḿ	6
諩	6
馣	6
䙓	6
諈	6
拹	6
畽	6
憜	6
癛	6
曥	6
幒	6
娺	6
叝	6
遪	6
ꈊ	6
땡	6
춤	6
瑵	6
厒	6
肳	6
氞	6
ἅ	6
ҥ	6
櫡	6
揫	6
畆	6
హ	6
ܓ	6
堸	6
鰾	6
鄪	6
𫏐	6
朡	6
ⲡ	6
抐	6
芁	6
鏭	6
𫚣	6
곽	6
槷	6
蚗	6
ᑭ	6
鐱	6
𫎬	6
膅	6
ṗ	6
羐	6
碄	6
梚	6
ӡ	6
ѻ	6
ѥ	6
ջ	6
栰	6
獑	6
筄	6
厺	6
鱞	6
稵	6
竌	6
濿	6
蛶	6
糏	6
歞	6
彯	6
嬱	6
謲	6
霴	6
嬏	6
攚	6
奃	6
惾	6
匘	6
鮖	6
嬦	6
陠	6
鐰	6
踸	6
枾	6
舽	6
趓	6
瘲	6
蟿	6
菷	6
豅	6
懝	6
聫	6
藫	6
𢌛	6
毺	6
觾	6
酀	6
薓	6
溸	6
癏	6
篎	6
蓔	6
潷	6
鵦	6
駋	6
稄	6
秗	6
踳	6
ἶ	6
乽	6
ড	6
㭏	6
藾	6
愻	6
㑷	6
樖	6
డ	6
蠾	6
縓	6
䏟	6
豄	6
ҷ	6
츠	6
醔	6
搟	6
蒣	6
藙	6
濴	6
囐	6
譒	6
ል	6
𩡤	6
瀦	6
ὕ	6
螐	6
妶	6
ӗ	6
麎	6
պ	6
𫓭	6
厇	6
შ	6
伳	6
ӝ	6
ӟ	6
ӵ	6
ǀ	6
郋	6
ҽ	6
ӹ	6
ҏ	6
몽	6
篹	6
搚	6
ܚ	6
脝	6
棦	6
刵	6
冞	6
ٽ	6
蜟	6
錉	6
ဖ	6
옷	6
텔	6
䵣	6
潱	6
猻	6
淥	6
枑	6
糿	6
ƨ	6
嶭	6
ຣ	6
ʍ	6
鮢	6
㸄	6
𣴣	6
𣹟	6
𤣹	6
楆	6
耬	6
ન	6
ƃ	6
啎	6
ﬁ	6
㛢	6
㚖	6
𣚴	6
컴	6
敿	6
胅	6
ക	6
訠	6
騚	6
骩	6
暛	6
聣	6
忣	6
覦	6
糪	6
巀	6
庮	6
圥	6
摣	6
曫	6
觗	6
瞙	6
鮇	6
鱋	6
椷	6
윈	6
鶭	6
념	6
鶢	6
鞝	6
僯	6
秡	6
𫖃	6
杔	6
槧	6
蓎	6
璌	6
쉬	6
잇	6
곳	6
峆	6
幗	6
殯	6
懡	6
壢	6
嫗	6
蹌	6
착	6
躑	6
ᨀ	6
ܥ	6
斴	6
襘	6
ᦰ	6
櫔	6
顢	6
鯯	6
ৱ	6
菚	6
瑼	6
澊	6
嵈	6
粈	6
ŀ	6
ƥ	6
께	6
壉	6
敒	6
㗊	6
ں	6
牰	6
翗	6
脡	6
ﾒ	6
顉	6
齩	6
ㅟ	6
蕦	6
腖	6
𫐌	6
殱	6
鈼	6
纃	6
肒	6
鴵	6
ප	6
趦	6
戔	6
讁	6
鼅	6
콩	6
둘	6
넷	6
ශ	6
째	6
ๅ	6
ฦ	6
鍬	6
湠	6
ɘ	6
ɉ	6
엠	6
鰦	6
㥠	6
詏	6
缹	6
舝	6
䵚	6
鑋	6
峹	6
馦	6
樚	6
鶼	6
狿	6
舿	6
檕	6
齥	6
鼦	6
ঞ	6
庴	6
鮶	6
毼	6
漽	6
槂	6
頿	6
斊	6
鎳	6
誳	6
징	6
詑	6
둥	6
塛	6
𤊐	6
銦	6
靔	6
豑	6
량	6
佦	6
顄	6
綟	6
腉	6
媎	6
驆	6
堘	6
暞	6
甧	6
兾	6
奿	6
堹	6
匔	6
儾	6
瓳	6
繴	6
甉	6
縤	6
斞	6
綇	6
鋿	6
ភ	6
ஐ	6
쏙	6
벨	6
䏰	6
ކ	6
訬	6
읍	6
銞	6
隒	6
偢	6
馽	6
鞹	6
皾	6
艩	6
侙	6
銪	6
媹	6
櫹	6
綂	6
挬	6
辬	6
懘	6
頇	6
噖	6
韽	6
㙸	6
𫡰	6
痑	6
挄	6
襋	6
薘	6
鵽	6
蘲	6
搑	6
鏬	6
馻	6
匌	6
襨	6
菞	6
褳	6
徿	6
捰	6
矵	6
顭	6
頕	6
賝	6
鮅	6
諃	6
譡	6
禈	6
嚲	6
閚	6
袶	6
爈	6
劷	6
颮	6
遀	6
鶐	6
ǁ	6
鄈	6
㡣	6
寪	6
橁	6
맹	6
鋏	6
잠	6
紤	6
窇	6
嫟	6
㤝	6
𫟵	6
觨	6
䦅	6
傖	6
鉒	6
糃	6
獿	6
漐	6
藵	6
扴	6
沑	6
騿	6
驨	6
龣	6
蝊	6
囕	6
蕔	6
秐	6
闣	6
紻	6
埣	6
굿	6
麜	6
襇	6
襼	6
幦	6
찮	6
답	6
辸	6
鮾	6
垷	6
𣴖	6
篗	6
丹	6
夡	6
灕	6
韅	6
杗	6
囈	6
䦕	6
邐	6
鞰	6
痸	6
獤	6
錰	6
荶	6
皔	6
趤	6
袩	6
糆	6
妋	6
庉	6
渪	6
闦	6
烡	6
橃	6
攌	6
嬔	6
櫬	6
壾	6
견	6
觶	6
跧	6
騔	6
ញ	6
轔	6
蘢	6
錙	6
襱	6
筡	6
瞁	6
湱	6
胟	6
鷤	6
徺	6
懳	6
掝	6
饈	6
鈀	6
孞	6
鐟	6
竍	6
蹵	6
𫚈	6
紐	6
寭	6
醼	6
驄	6
孌	6
抎	6
鳭	6
葏	6
帪	6
蟂	6
擻	6
徰	6
磶	6
翑	6
緶	6
淕	6
齅	6
謑	6
醱	6
抁	6
綐	6
踤	6
娐	6
鄬	6
浾	6
嵼	6
靟	6
紁	6
儣	6
螩	6
孄	6
蜹	6
雧	6
垖	6
嘪	6
蹃	6
鈋	6
蔝	6
栣	6
癷	6
覭	6
搇	6
孂	6
鷪	6
榡	6
鶌	6
藖	6
鉡	6
瞕	6
罧	6
ㅸ	6
茾	6
膔	6
鋜	6
텐	6
閵	6
瀥	6
攛	6
礘	6
簭	6
鱁	6
龓	6
觪	6
箶	6
腵	6
椞	6
朁	6
巊	6
駘	6
囒	6
惽	6
鈾	6
艊	6
㝜	6
㝑	6
𡨊	6
鈟	6
繌	6
皳	6
ດ	6
曑	6
塦	6
絩	6
ᖇ	6
㬇	6
聗	6
醳	6
瓍	6
ཊ	6
遰	6
聉	6
闠	6
槕	6
醠	6
𠤩	6
趝	6
땐	6
숨	6
靋	6
觛	6
秛	6
鷑	6
璳	6
ㅢ	6
𦶜	6
驡	6
蛧	6
㳢	6
𡾼	6
𡧖	6
𠌠	6
㝭	6
㝓	6
㝧	6
𡫁	6
𡨂	6
萔	6
𥺊	6
𝝰	6
𝝱	6
罓	6
𣈴	6
𥞋	6
溭	6
瞯	6
鋞	6
桗	6
𩄢	6
㜕	6
絗	6
夝	6
眲	6
菦	6
ᆺ	6
ꚃ	6
ꚁ	6
ꚉ	6
ԫ	6
ԭ	6
ꚅ	6
ԡ	6
ԩ	6
ԣ	6
ԥ	6
ꚑ	6
ԝ	6
ꙧ	6
𡹾	6
禣	6
𠼪	6
𧈫	6
ꙡ	6
ꙩ	6
ꙫ	6
ꙭ	6
鰳	6
屵	6
讋	6
淁	6
昲	6
糴	6
揱	6
匬	6
𤤥	6
斔	6
筗	6
輴	6
緪	6
彮	6
窡	6
惼	6
瘂	6
釥	6
揨	6
怽	6
檟	6
寱	6
屔	6
崫	6
漵	6
鰼	6
嶧	6
硤	6
慻	6
熂	6
亝	6
煗	6
鷮	6
鉂	6
翉	6
艧	6
儽	6
ᴖ	6
䢖	6
摦	6
桏	6
ᦟ	5
𠃊	5
釸	5
鋍	5
ѐ	5
ढ	5
簂	5
拀	5
妰	5
嵾	5
譭	5
龤	5
鈱	5
泤	5
摉	5
幊	5
欚	5
噊	5
냐	5
맙	5
큐	5
掜	5
헐	5
뭘	5
橩	5
汥	5
硡	5
퓨	5
𫄫	5
郹	5
ҹ	5
懬	5
ϻ	5
బ	5
ⲓ	5
檛	5
鸅	5
ᴀ	5
ͱ	5
礭	5
覙	5
堭	5
怑	5
睰	5
𤈦	5
𫜰	5
ܟ	5
魯	5
ℤ	5
魞	5
ŵ	5
묘	5
鑯	5
겁	5
鵵	5
ܦ	5
騘	5
㓛	5
盭	5
ㆴ	5
ḋ	5
ḟ	5
颪	5
袬	5
ꙗ	5
ҭ	5
婸	5
袃	5
ɱ	5
玸	5
矁	5
鋶	5
雡	5
牃	5
梋	5
棛	5
纝	5
婱	5
廎	5
驐	5
蘜	5
艬	5
梒	5
驝	5
祑	5
䨇	5
䏻	5
㶟	5
鋉	5
膵	5
𣗊	5
𫛩	5
焈	5
蒏	5
帒	5
聜	5
駂	5
絽	5
鄁	5
崜	5
噥	5
諝	5
箲	5
𨧨	5
𨳒	5
좌	5
ܛ	5
璼	5
鮏	5
ܣ	5
攈	5
ژ	5
ଶ	5
ܗ	5
ಜ	5
ന	5
ङ	5
蓛	5
遤	5
燱	5
𪮶	5
㵮	5
齬	5
歫	5
સ	5
ፊ	5
ቡ	5
鏰	5
憗	5
靲	5
𣈱	5
閄	5
犗	5
錎	5
仾	5
ŧ	5
ҕ	5
ӂ	5
ჭ	5
꿀	5
侇	5
嗋	5
똥	5
ڪ	5
裄	5
摥	5
釱	5
崰	5
ʤ	5
හ	5
矄	5
ຍ	5
萞	5
勌	5
霠	5
蜖	5
䶈	5
ѷ	5
જ	5
𣡊	5
蔩	5
甔	5
萀	5
ỡ	5
縰	5
취	5
郀	5
葾	5
鹷	5
യ	5
忁	5
熆	5
箳	5
餣	5
鏹	5
錭	5
嵟	5
灢	5
鰑	5
鐉	5
欳	5
秚	5
諹	5
蠂	5
鸋	5
輇	5
磽	5
愞	5
蘍	5
橻	5
嘕	5
潂	5
庽	5
മ	5
ട	5
犔	5
鎤	5
璢	5
鼪	5
馟	5
痬	5
𫠐	5
ঘ	5
劰	5
繯	5
壨	5
绬	5
釩	5
빌	5
漚	5
놓	5
급	5
頚	5
ǂ	5
蕝	5
ｱ	5
ᐅ	5
帺	5
ŉ	5
ƹ	5
겐	5
랐	5
맘	5
능	5
絼	5
볶	5
輰	5
瞺	5
犙	5
ⴻ	5
ⵓ	5
怌	5
ﾑ	5
ｭ	5
鎢	5
襺	5
놀	5
ㅘ	5
ㅙ	5
敡	5
裶	5
鼸	5
ⲃ	5
ⲩ	5
矌	5
瘽	5
帵	5
𢢝	5
ꚋ	5
謞	5
𪳗	5
耡	5
黀	5
鏧	5
鎉	5
ᵌ	5
璴	5
爉	5
婜	5
躕	5
墹	5
㫝	5
鼀	5
胮	5
孧	5
鵅	5
傐	5
餙	5
﨤	5
ẵ	5
ɢ	5
ฯ	5
迿	5
扻	5
滰	5
閛	5
瀄	5
嫎	5
顨	5
挳	5
瀀	5
樈	5
驂	5
魶	5
釷	5
隣	5
絉	5
棙	5
慗	5
豶	5
핑	5
皶	5
駦	5
𣒻	5
耟	5
飉	5
蟚	5
鐿	5
鶓	5
蠆	5
넘	5
峊	5
鍽	5
㹧	5
猒	5
眒	5
刐	5
綤	5
勡	5
磀	5
睤	5
舚	5
竬	5
稴	5
馸	5
痵	5
볼	5
컬	5
ὖ	5
㙺	5
㷆	5
椱	5
襩	5
ސ	5
ᓀ	5
ᠡ	5
駾	5
𣑮	5
鼣	5
黳	5
압	5
暳	5
嚵	5
㮚	5
琝	5
艢	5
妽	5
錺	5
傁	5
魲	5
桛	5
佱	5
詇	5
瀈	5
薌	5
嚍	5
繓	5
槣	5
朰	5
駤	5
鷣	5
魗	5
罌	5
瑐	5
鉃	5
梷	5
霢	5
蓹	5
麉	5
姭	5
徖	5
樄	5
駵	5
騌	5
硹	5
駷	5
鮩	5
ཇ	5
ਪ	5
嵹	5
돈	5
㙞	5
衧	5
鷍	5
擜	5
擨	5
譾	5
麍	5
螴	5
覛	5
攩	5
騡	5
蛷	5
銌	5
艫	5
滜	5
媼	5
蒕	5
讆	5
蕷	5
邖	5
桞	5
鞼	5
踃	5
緳	5
鬴	5
冹	5
嚠	5
揢	5
圅	5
隵	5
萷	5
噕	5
簱	5
衳	5
鄓	5
ৎ	5
湵	5
𪏆	5
廗	5
訉	5
딸	5
臕	5
緽	5
殰	5
隀	5
㣚	5
鶪	5
煏	5
醷	5
鋑	5
𥩟	5
萟	5
鄸	5
妕	5
尮	5
礖	5
郺	5
傏	5
穛	5
攄	5
櫖	5
讅	5
賶	5
愳	5
桇	5
詤	5
욱	5
髕	5
져	5
뽐	5
ޑ	5
錻	5
茙	5
𠞰	5
蘕	5
溕	5
몸	5
괜	5
癅	5
𨱌	5
鯘	5
𣑚	5
𐰇	5
鿎	5
譄	5
鑮	5
靮	5
妛	5
誚	5
櫫	5
獺	5
蔙	5
啢	5
篺	5
肑	5
鳺	5
鱖	5
踛	5
毠	5
鯄	5
傶	5
朖	5
轐	5
枤	5
隁	5
墶	5
菨	5
廲	5
憈	5
陱	5
攑	5
溩	5
憃	5
鵿	5
鷫	5
험	5
攕	5
硢	5
郼	5
祣	5
鯬	5
迧	5
琷	5
鰛	5
㝩	5
榓	5
褋	5
鯝	5
焨	5
𣍏	5
𣍇	5
窏	5
趻	5
捪	5
媊	5
頶	5
袳	5
蝫	5
銽	5
鵗	5
綒	5
鑌	5
趗	5
貾	5
篞	5
炈	5
鉇	5
踜	5
斚	5
凞	5
貀	5
猆	5
鸉	5
焩	5
嚺	5
倊	5
鑧	5
蚎	5
坁	5
蹣	5
騶	5
旊	5
匓	5
椯	5
酁	5
怇	5
磮	5
壛	5
嵸	5
輹	5
酑	5
揻	5
摿	5
蟍	5
檓	5
汄	5
雂	5
젤	5
謃	5
厞	5
覕	5
㷇	5
懯	5
뮤	5
케	5
詴	5
烳	5
騬	5
鯧	5
鱟	5
푸	5
늑	5
眂	5
蠇	5
沠	5
杴	5
漨	5
鑖	5
鈹	5
陻	5
嬯	5
繿	5
詵	5
訩	5
貖	5
勏	5
峌	5
鏷	5
𩔇	5
𥬞	5
洍	5
蜝	5
蕧	5
蘮	5
慁	5
ཙ	5
輆	5
펑	5
𩫾	5
駲	5
寠	5
榸	5
惐	5
蒃	5
駙	5
㮆	5
鉩	5
鶿	5
𠄳	5
鞤	5
匥	5
覍	5
縧	5
籷	5
剾	5
凒	5
鈌	5
曓	5
묵	5
𨚲	5
䣕	5
哯	5
냥	5
찰	5
啔	5
붙	5
듯	5
粣	5
摓	5
讔	5
轜	5
攂	5
礥	5
縪	5
糑	5
鮺	5
餺	5
隉	5
笍	5
拞	5
菬	5
𬲱	5
켜	5
ណ	5
孠	5
軔	5
ឈ	5
គ	5
ㅃ	5
媣	5
𪘵	5
綩	5
唟	5
﨡	5
㣧	5
趀	5
孼	5
𠄼	5
쾅	5
跈	5
𫟄	5
𠷈	5
阷	5
樎	5
蹫	5
賥	5
𨌥	5
𫟃	5
騢	5
栕	5
幬	5
猤	5
猦	5
醦	5
𤨠	5
譿	5
㼀	5
𧬆	5
㸲	5
𨲠	5
邥	5
猅	5
鯞	5
郌	5
黣	5
藅	5
澵	5
弙	5
𮢅	5
閴	5
𣲸	5
ₓ	5
䰠	5
跉	5
恄	5
暥	5
訤	5
鰁	5
呝	5
愹	5
獘	5
襗	5
陖	5
秎	5
鎟	5
焂	5
繒	5
敐	5
鼼	5
壜	5
陓	5
茩	5
欌	5
飋	5
厬	5
縩	5
谉	5
鷷	5
膢	5
寋	5
隝	5
聓	5
嬄	5
疧	5
窷	5
緙	5
屒	5
匫	5
哘	5
捀	5
鮳	5
鯎	5
萕	5
瀠	5
竁	5
逸	5
婛	5
霕	5
捙	5
纋	5
榹	5
垘	5
夗	5
籉	5
咠	5
鱶	5
劣	5
騼	5
硸	5
浂	5
妔	5
姴	5
槉	5
鈴	5
鞐	5
茶	5
夵	5
塧	5
귤	5
ꇴ	5
ᥭ	4
ᦉ	4
ᦸ	4
ᧉ	4
ᦑ	4
拻	4
䲡	4
阫	4
𫍚	4
𣒌	4
鋊	4
ȶ	4
ᠮ	4
ʙ	4
煹	4
髼	4
𠁁	4
乨	4
娞	4
矕	4
𫍙	4
顜	4
欜	4
悐	4
悑	4
澰	4
뜻	4
닌	4
몇	4
奛	4
랄	4
탁	4
엉	4
렸	4
熓	4
롤	4
祰	4
祵	4
툧	4
척	4
ֆ	4
ᾅ	4
𫜁	4
犩	4
ϛ	4
跁	4
ဗ	4
𨰾	4
㺭	4
𫎨	4
ἷ	4
ὅ	4
ﻪ	4
萻	4
ℕ	4
銰	4
騛	4
㲀	4
謮	4
ㆶ	4
ᓗ	4
袰	4
𣴛	4
樍	4
蟙	4
䘏	4
ܙ	4
𩣡	4
黭	4
皫	4
ㆱ	4
ㆪ	4
ㆫ	4
ㆧ	4
ㆥ	4
ѧ	4
稐	4
斮	4
𠕇	4
㥪	4
ϲ	4
ѹ	4
ὲ	4
ϡ	4
犈	4
鴪	4
笝	4
黬	4
籢	4
饄	4
伵	4
皏	4
勴	4
裐	4
嬽	4
𨍭	4
岻	4
ᑦ	4
麔	4
豦	4
렁	4
𧑒	4
戵	4
贕	4
檆	4
殬	4
鶽	4
鄶	4
拁	4
蛕	4
嬻	4
穤	4
蚦	4
ᠴ	4
ᠵ	4
䲹	4
링	4
貇	4
癨	4
ⲧ	4
幈	4
釓	4
엽	4
ɭ	4
徝	4
𥡴	4
氉	4
喞	4
ಣ	4
ಫ	4
ಶ	4
ಷ	4
ỻ	4
ణ	4
𣏴	4
㮌	4
𫋇	4
ట	4
ప	4
㸃	4
駍	4
譋	4
輏	4
觓	4
䇄	4
ຽ	4
嚋	4
姲	4
秶	4
ዝ	4
莏	4
ҝ	4
齖	4
匩	4
ฬ	4
肊	4
嫓	4
趍	4
ҩ	4
ҿ	4
ӛ	4
ӊ	4
ӎ	4
ҋ	4
ҍ	4
ӌ	4
煝	4
虊	4
𣒱	4
䙥	4
䖏	4
𠃍	4
뇌	4
縖	4
𫍡	4
纈	4
ຮ	4
냉	4
蠥	4
闝	4
蔏	4
ǩ	4
ẋ	4
휴	4
ṽ	4
ƅ	4
ƈ	4
ƙ	4
ऐ	4
抴	4
螛	4
蕮	4
𠵇	4
淃	4
蹕	4
흉	4
ळ	4
𫓥	4
坸	4
瘺	4
愲	4
磠	4
譥	4
毶	4
婟	4
庌	4
齳	4
膐	4
ȧ	4
ƀ	4
ƌ	4
ƛ	4
ϸ	4
ӷ	4
ӫ	4
팝	4
轋	4
偨	4
珳	4
ȣ	4
瀲	4
鶧	4
ਤ	4
穔	4
ټ	4
蘁	4
ﻠ	4
𩾀	4
ফ	4
놈	4
脜	4
脦	4
脪	4
伿	4
鴝	4
鷯	4
빨	4
ਊ	4
흔	4
襀	4
鵏	4
殮	4
셀	4
쿠	4
嗁	4
է	4
譇	4
搃	4
蓡	4
ﾜ	4
ḁ	4
ǯ	4
𠲍	4
碖	4
ƞ	4
ẁ	4
ẃ	4
ẅ	4
ǥ	4
밖	4
멈	4
嶗	4
嶀	4
柹	4
幁	4
榁	4
둔	4
킴	4
䝞	4
ｳ	4
ｵ	4
ｿ	4
歰	4
ㅞ	4
薞	4
𡫯	4
䧛	4
ᑎ	4
핀	4
ⲛ	4
ⲙ	4
茮	4
鈨	4
鉹	4
𤥽	4
ც	4
獫	4
穞	4
砤	4
甊	4
祶	4
鄦	4
覶	4
ڵ	4
傓	4
ဝ	4
礲	4
稖	4
셋	4
鈙	4
篒	4
ẗ	4
ḑ	4
ʜ	4
ɧ	4
ȷ	4
䁱	4
眆	4
앞	4
櫉	4
㜺	4
膼	4
㷫	4
渨	4
喗	4
𥗽	4
脵	4
菣	4
虈	4
曻	4
艀	4
孍	4
鷐	4
椢	4
傹	4
𩹽	4
穒	4
ฎ	4
鿠	4
㩗	4
ΐ	4
𨨣	4
𫟻	4
瞖	4
㮈	4
忰	4
론	4
雸	4
櫿	4
峍	4
芖	4
躠	4
𤬪	4
𣁽	4
둑	4
酨	4
馚	4
疶	4
坘	4
嫹	4
紌	4
玣	4
綥	4
鸍	4
謘	4
抣	4
ਕ	4
尶	4
櫝	4
ሕ	4
ʱ	4
꼬	4
콜	4
鋥	4
ॐ	4
밑	4
율	4
杒	4
臤	4
鹶	4
䦋	4
㧀	4
좈	4
𐎠	4
衦	4
㒡	4
襊	4
斏	4
穥	4
鐯	4
碠	4
崻	4
恜	4
譸	4
摗	4
簀	4
鑕	4
仯	4
鉕	4
檭	4
筟	4
伨	4
諬	4
錛	4
齃	4
鏺	4
洕	4
苬	4
峲	4
怢	4
拸	4
厴	4
趭	4
擛	4
鵍	4
魱	4
凂	4
㬀	4
䠀	4
頏	4
የ	4
ያ	4
𩙥	4
〻	4
麘	4
稨	4
蚭	4
顈	4
瀳	4
璸	4
鳹	4
軭	4
淔	4
乿	4
矡	4
酟	4
怾	4
鮯	4
儝	4
龥	4
娪	4
ஒ	4
쪽	4
𩶆	4
摤	4
鼞	4
罤	4
䍺	4
ስ	4
㮮	4
樷	4
蟔	4
猑	4
㻪	4
誆	4
炦	4
忊	4
殗	4
蓮	4
ⵜ	4
菱	4
眪	4
𦐣	4
鎫	4
顂	4
轖	4
覱	4
儎	4
鋵	4
壭	4
礝	4
襔	4
輞	4
爴	4
憢	4
蓵	4
葻	4
淭	4
顝	4
韕	4
鈧	4
爑	4
踋	4
秓	4
질	4
ⵡ	4
겸	4
떨	4
荿	4
㯊	4
旾	4
葨	4
𣕃	4
흐	4
炥	4
殐	4
媨	4
傼	4
蕏	4
賻	4
眻	4
篖	4
鷢	4
氋	4
캔	4
鯑	4
顣	4
膯	4
謺	4
斣	4
芌	4
撛	4
欪	4
轏	4
畣	4
齘	4
醥	4
奩	4
耝	4
溳	4
辝	4
溣	4
懪	4
跮	4
貗	4
覘	4
匷	4
橬	4
隢	4
樮	4
譐	4
㥣	4
旹	4
碷	4
棖	4
蠐	4
菄	4
鍄	4
ϳ	4
輑	4
鮿	4
懫	4
驠	4
靗	4
贉	4
鴄	4
颒	4
湒	4
鑘	4
韇	4
鱢	4
妿	4
髛	4
驞	4
騻	4
鶕	4
訰	4
鎒	4
鈝	4
戱	4
赻	4
嗺	4
瓸	4
骮	4
徟	4
贚	4
嬠	4
蜵	4
儓	4
礊	4
盶	4
𧃲	4
訋	4
躿	4
颫	4
臏	4
圛	4
闎	4
厁	4
痯	4
艕	4
舮	4
藶	4
隚	4
賟	4
鯣	4
輱	4
黖	4
釠	4
磍	4
獌	4
螏	4
齓	4
馯	4
餫	4
笷	4
椃	4
礃	4
藱	4
窌	4
蹖	4
螹	4
匢	4
顃	4
蘻	4
箺	4
鴏	4
觼	4
趘	4
笗	4
弳	4
鴚	4
橜	4
耣	4
膇	4
幉	4
焣	4
蟈	4
稝	4
懎	4
糶	4
躻	4
耯	4
箃	4
鵒	4
溨	4
眣	4
笽	4
嚪	4
媀	4
嶜	4
駠	4
揘	4
賐	4
蛗	4
埉	4
빅	4
柫	4
蒬	4
顁	4
軤	4
鍿	4
鏚	4
攖	4
ຊ	4
螪	4
鉘	4
讜	4
捚	4
弞	4
趂	4
嬇	4
讗	4
縜	4
瓃	4
櫠	4
摲	4
灁	4
宖	4
橗	4
竀	4
襝	4
謉	4
鏲	4
簚	4
窵	4
纊	4
ᠭ	4
貟	4
齫	4
輄	4
軓	4
뷔	4
鰸	4
豤	4
竚	4
脨	4
哸	4
閳	4
饓	4
ᗰ	4
ᑕ	4
ᔕ	4
鵘	4
黤	4
𢢼	4
낸	4
덜	4
誛	4
桋	4
𠄩	4
騗	4
羻	4
赺	4
鐁	4
洡	4
欔	4
誙	4
韰	4
壣	4
毇	4
砨	4
鑗	4
翇	4
瞲	4
蜔	4
䔍	4
례	4
鱭	4
豃	4
傯	4
鵓	4
餰	4
嘋	4
咞	4
殦	4
恅	4
屨	4
𣉿	4
푱	4
𧷨	4
臄	4
𨄫	4
귓	4
琧	4
㵝	4
媡	4
𦒎	4
貰	4
靤	4
㓜	4
繺	4
鵫	4
챈	4
䑏	4
펀	4
핫	4
ꙟ	4
ዊ	4
헬	4
𡩡	4
즐	4
鏫	4
紖	4
㴓	4
諊	4
衻	4
閸	4
鴺	4
銚	4
㾮	4
騅	4
㶏	4
賲	4
橮	4
孾	4
慃	4
鱹	4
𫚓	4
湂	4
軖	4
譢	4
諐	4
㮡	4
ꙇ	4
㽘	4
ꙏ	4
ꙮ	4
黊	4
諥	4
蠜	4
膁	4
鳻	4
飹	4
㝏	4
㡳	4
駔	4
旘	4
氀	4
鍰	4
囌	4
殶	4
鮷	4
涹	4
齱	4
孎	4
堚	4
惍	4
觤	4
暷	4
睵	4
藈	4
輳	4
嬐	4
臅	4
鈑	4
訨	4
鏥	4
鱘	4
躈	4
呩	4
橨	4
繏	4
矊	4
誁	4
疜	4
摾	4
簯	4
隭	4
敃	4
兺	4
糄	4
椩	4
侤	4
湬	4
耺	4
匎	4
顡	4
譀	4
藽	4
濖	4
鱏	4
筨	4
倀	4
梁	4
誻	4
甖	4
餏	4
紴	4
嶛	4
糖	4
痽	4
顖	4
礍	4
謵	4
趬	4
撪	4
榏	4
嘄	4
婝	4
詉	4
瞛	4
鯦	4
圚	4
蕬	4
縗	4
鮚	4
炗	4
澸	4
霮	4
勒	4
愌	4
蠝	4
鼮	4
醙	4
鋔	4
櫳	4
庺	4
脼	4
飷	4
婎	4
慪	4
聵	4
殏	4
皚	4
迶	4
梻	4
墔	4
貋	4
窉	4
攙	4
麗	4
墥	4
橍	4
鋃	4
穱	4
崬	4
躚	4
齙	4
褨	4
菃	4
戀	4
擹	4
厗	4
輧	4
煼	4
曆	4
騈	4
鯶	4
譗	4
噡	4
皨	4
䇔	4
㖾	4
珬	4
蘣	4
朻	4
䝼	4
鷌	4
㗳	4
𨚫	4
巐	3
ᦲ	3
ᦱ	3
ἥ	3
𠄌	3
𠃋	3
ↄ	3
ϒ	3
ຄ	3
ㄮ	3
ㆰ	3
ϐ	3
宐	3
攦	3
岲	3
曗	3
㕵	3
듀	3
졸	3
될	3
럴	3
崙	3
𪕨	3
鬸	3
ǭ	3
և	3
ˁ	3
ꜣ	3
𩨈	3
ἕ	3
ȁ	3
𤞃	3
鵭	3
鴐	3
㧰	3
嗀	3
ঠ	3
ㆷ	3
𦖛	3
ᕿ	3
㦕	3
䞀	3
槒	3
ʟ	3
踲	3
烞	3
𩃙	3
厏	3
𫗪	3
ㆠ	3
𧉚	3
맨	3
탈	3
錴	3
釢	3
鎃	3
텍	3
碬	3
㴩	3
ᥬ	3
ᦳ	3
ꓵ	3
ꓽ	3
旕	3
稩	3
訙	3
躗	3
𧶠	3
揬	3
妀	3
牢	3
㳄	3
ᓄ	3
ᓇ	3
脺	3
顤	3
誈	3
駎	3
鱴	3
鶍	3
鱛	3
𨳊	3
ੜ	3
鷜	3
㯋	3
ᠳ	3
ᠷ	3
잉	3
এ	3
憏	3
괴	3
ⲉ	3
𨱍	3
遻	3
붉	3
阮	3
葈	3
ത	3
떠	3
儱	3
攗	3
𦈛	3
ヿ	3
錥	3
㳕	3
詄	3
硴	3
䧟	3
獖	3
𫟶	3
ብ	3
㗼	3
ጊ	3
ޝ	3
𡰪	3
𩽼	3
ﺍ	3
ﻮ	3
ﺭ	3
韖	3
賉	3
苵	3
ⴳ	3
ⴷ	3
䑸	3
염	3
㟐	3
韉	3
𡕀	3
𡔈	3
꼭	3
꿍	3
𡨧	3
𨻻	3
䳒	3
𠃌	3
虴	3
ஞ	3
﨧	3
랭	3
ʢ	3
𦥑	3
闛	3
㵅	3
塚	3
𠆢	3
褣	3
ګ	3
鎐	3
㮁	3
મ	3
શ	3
覯	3
匛	3
鑆	3
塪	3
델	3
襧	3
땅	3
ള	3
㫬	3
䧏	3
ગ	3
擮	3
軈	3
窙	3
猉	3
鰜	3
ѝ	3
㬂	3
빔	3
സ	3
㰒	3
麅	3
ᐱ	3
鳫	3
㸚	3
鹿	3
ਅ	3
𣍰	3
蛒	3
ﺣ	3
𫗰	3
ɝ	3
ᴥ	3
毭	3
繈	3
鴇	3
㞢	3
筞	3
鈁	3
숲	3
諉	3
ᨈ	3
ᨑ	3
ﻣ	3
轃	3
蟸	3
룹	3
ﺮ	3
霛	3
ﾅ	3
ﾎ	3
ｫ	3
ｾ	3
𦈎	3
ᓐ	3
鰏	3
ထ	3
瀭	3
篂	3
ஆ	3
뒤	3
겼	3
줬	3
쓸	3
ല	3
ჯ	3
ⵛ	3
ⵎ	3
ﬂ	3
ﬃ	3
ﾐ	3
ｹ	3
𪫺	3
𥇦	3
軙	3
䨺	3
闁	3
닝	3
ᶫ	3
鰔	3
궐	3
𦍋	3
獟	3
쁨	3
瀎	3
깡	3
逽	3
澖	3
ග	3
㤚	3
ˡ	3
櫴	3
鰨	3
粴	3
閕	3
翶	3
蘯	3
詷	3
𤇥	3
鼄	3
බ	3
අ	3
ආ	3
𫍧	3
敥	3
ހ	3
鿍	3
韒	3
ȃ	3
ǽ	3
ḅ	3
ḓ	3
ḣ	3
ḯ	3
ȋ	3
ḹ	3
ƚ	3
ɺ	3
ᴍ	3
ɶ	3
ṝ	3
ɻ	3
ᴛ	3
ɂ	3
ʡ	3
փ	3
䙌	3
뜨	3
𢶏	3
䟴	3
髝	3
䠐	3
鼆	3
撁	3
ꨌ	3
擑	3
澠	3
媙	3
鮉	3
澇	3
櫞	3
餯	3
〳	3
〵	3
녹	3
폰	3
鸖	3
㑀	3
蠳	3
雵	3
զ	3
ժ	3
燢	3
㓉	3
豒	3
觬	3
㟽	3
藰	3
ⲥ	3
娨	3
鑤	3
櫒	3
ነ	3
硽	3
㯫	3
흠	3
퀸	3
펠	3
ᓱ	3
뿌	3
ᓂ	3
䖢	3
ው	3
뿐	3
𣶏	3
𐎼	3
ῳ	3
𩇐	3
㥞	3
鹺	3
ਵ	3
涻	3
朎	3
嶥	3
鶃	3
鬀	3
鰘	3
墷	3
鬠	3
抍	3
蔛	3
辢	3
訵	3
瀗	3
畭	3
鍁	3
藡	3
嶖	3
揯	3
諚	3
巁	3
譣	3
鯔	3
梕	3
竰	3
菒	3
䠌	3
䠥	3
蠫	3
랙	3
ዮ	3
〴	3
ը	3
갓	3
捬	3
ὡ	3
𫖇	3
ᄒ	3
읒	3
衈	3
隌	3
尀	3
誝	3
蕆	3
炠	3
鼳	3
沈	3
﨔	3
尳	3
𫘣	3
𤟤	3
ጀ	3
劀	3
絒	3
阠	3
諁	3
蔤	3
햇	3
皹	3
悹	3
잎	3
耼	3
聇	3
ឯ	3
𤆵	3
𧎥	3
徎	3
芅	3
鼭	3
揤	3
躵	3
脙	3
靾	3
捇	3
躛	3
赼	3
蘛	3
鷡	3
枽	3
倠	3
䅩	3
빵	3
薒	3
㥅	3
꼼	3
鰚	3
廉	3
ବ	3
鱐	3
銯	3
큼	3
𐱅	3
𐰼	3
𐰰	3
鬝	3
ﾆ	3
ὔ	3
䕃	3
阦	3
麙	3
痭	3
荲	3
滊	3
贐	3
㶍	3
隆	3
蘦	3
탐	3
릭	3
氃	3
㟲	3
鉣	3
輤	3
贘	3
桻	3
鍃	3
滵	3
徚	3
軴	3
葤	3
粫	3
稢	3
襏	3
鰣	3
櫇	3
籡	3
鰝	3
鏵	3
襰	3
鷥	3
䤰	3
夦	3
楾	3
㙩	3
盳	3
糫	3
딱	3
ឃ	3
糚	3
稦	3
𧙗	3
毷	3
﨎	3
𣶬	3
砽	3
蓯	3
鴭	3
緸	3
殔	3
齂	3
軄	3
籜	3
鯕	3
鳪	3
蚙	3
嬓	3
鑍	3
櫦	3
硻	3
馤	3
譨	3
穭	3
熡	3
孇	3
鯴	3
賿	3
鋓	3
褗	3
醀	3
爳	3
軲	3
綡	3
撡	3
飁	3
齨	3
襹	3
簼	3
賘	3
鴤	3
鼝	3
揊	3
徱	3
涁	3
樝	3
瀒	3
麬	3
燪	3
痚	3
怈	3
蠗	3
捹	3
鋲	3
繨	3
趃	3
諀	3
垑	3
軠	3
鰱	3
傸	3
裍	3
輲	3
睈	3
凲	3
睷	3
茒	3
穃	3
艝	3
乑	3
豛	3
駀	3
矠	3
捤	3
瘷	3
嬆	3
噞	3
鼤	3
詸	3
駧	3
婡	3
隦	3
檪	3
磭	3
頉	3
喡	3
韸	3
胋	3
炇	3
飳	3
窔	3
駨	3
峖	3
멜	3
閐	3
홀	3
ﻬ	3
泌	3
藗	3
髍	3
葥	3
鎄	3
𦑘	3
㟋	3
䧿	3
媅	3
齛	3
躮	3
鈓	3
媈	3
矋	3
毻	3
鰵	3
栛	3
顐	3
澑	3
粸	3
褼	3
豟	3
夓	3
皠	3
飅	3
欫	3
葿	3
塤	3
掚	3
謴	3
鱩	3
餴	3
𠦝	3
팀	3
䊹	3
鴑	3
泥	3
魢	3
逳	3
낀	3
䳲	3
閌	3
舕	3
狚	3
媩	3
虇	3
怷	3
燛	3
唘	3
𢈻	3
㦂	3
㟨	3
聹	3
㟶	3
鉪	3
𫇛	3
賚	3
ታ	3
측	3
䓯	3
槶	3
鮂	3
櫢	3
憽	3
蹨	3
縍	3
燣	3
愘	3
戃	3
諯	3
爄	3
懍	3
麶	3
隬	3
憥	3
ⵙ	3
鷊	3
ڕ	3
㫋	3
끗	3
떼	3
矨	3
聎	3
軳	3
鷛	3
媶	3
稛	3
歵	3
僃	3
蔶	3
棾	3
覄	3
駌	3
蘝	3
躢	3
穯	3
蒷	3
濝	3
唜	3
悘	3
噿	3
鋫	3
鴗	3
撊	3
莌	3
㙱	3
붕	3
諘	3
즘	3
칙	3
ወ	3
깊	3
虶	3
𣔌	3
蟽	3
𢋡	3
ធ	3
ឋ	3
懭	3
켄	3
왠	3
頥	3
鈂	3
죄	3
𓆰	3
鑈	3
𩹄	3
𨢇	3
䥫	3
ජ	3
ෂ	3
𫖰	3
ህ	3
𡺭	3
𧏛	3
𥌓	3
藄	3
릇	3
旝	3
綞	3
鎁	3
𨧆	3
䎗	3
焥	3
檧	3
豣	3
訦	3
힙	3
𫖔	3
鶨	3
鵴	3
柪	3
珚	3
𣬠	3
癄	3
ᨄ	3
軉	3
訃	3
蕛	3
睶	3
攊	3
瓰	3
暬	3
駶	3
呥	3
髰	3
馾	3
𡣗	3
㵎	3
㺬	3
𢀿	3
焵	3
𥜃	3
𫋹	3
㝡	3
𦐿	3
颹	3
讕	3
毤	3
贆	3
鱕	3
矎	3
媰	3
燲	3
ゟ	3
𥡷	3
𡹮	3
𢭀	3
잊	3
稘	3
칸	3
飀	3
𫄛	3
堁	3
竧	3
𝛿	3
䛁	3
覰	3
嚃	3
雓	3
䂓	3
𥗝	3
㟁	3
㠖	3
嵄	3
䮖	3
筙	3
鰢	3
鼂	3
瞸	3
馢	3
齯	3
疈	3
匑	3
笚	3
鼰	3
濌	3
鷒	3
騀	3
焛	3
誄	3
鋛	3
縬	3
鶷	3
鼘	3
鰄	3
薥	3
鷽	3
烴	3
淧	3
僒	3
鯚	3
迱	3
軶	3
鳵	3
穳	3
乮	3
敜	3
塻	3
韯	3
柡	3
韙	3
輬	3
戂	3
郮	3
牏	3
髶	3
頄	3
鷋	3
僀	3
顩	3
虃	3
靻	3
癁	3
礢	3
戧	3
銏	3
皩	3
寧	3
霘	3
欮	3
磼	3
艡	3
饖	3
廓	3
儥	3
冟	3
匇	3
錜	3
聬	3
壦	3
悡	3
贃	3
摕	3
襐	3
雤	3
魵	3
熩	3
肬	3
憐	3
釄	3
豾	3
貁	3
醹	3
穮	3
螑	3
捑	3
糲	3
虦	3
梊	3
紎	3
鈄	3
袎	3
徻	3
蛝	3
圱	3
荴	3
覂	3
脌	3
驧	3
嶱	3
粀	3
濾	3
ꆊ	3
ꓥ	3
篍	3
嶳	3
鴅	3
摢	3
笜	3
嶊	3
磛	3
ᗨ	3
㬵	3
嵳	3
殌	3
皍	3
邭	3
捠	3
㫓	3
ㆀ	3
㖭	3
臲	3
됂	2
됁	2
㥷	2
䜟	2
髬	2
ᧇ	2
ᦹ	2
㪨	2
ﻭ	2
𫠁	2
ᠪ	2
ᡠ	2
𡨸	2
𡦂	2
𫈵	2
ͷ	2
됩	2
ﶝ	2
뒑	2
곶	2
쇠	2
ἦ	2
𨨗	2
ჟ	2
幋	2
灇	2
唺	2
짤	2
㯮	2
ⴚ	2
ⴢ	2
㿖	2
팧	2
ᘯ	2
ᄗ	2
ᘑ	2
ᘗ	2
ᐖ	2
㯥	2
縔	2
氝	2
䧳	2
𠗟	2
䅲	2
𓂋	2
𓅓	2
𓏏	2
ῑ	2
𩛿	2
𫗣	2
𨀁	2
ऑ	2
𫖶	2
𠴟	2
嗂	2
𠺕	2
㚇	2
𫠒	2
鶝	2
𫛡	2
𤆢	2
칭	2
㷛	2
𤩝	2
ꏃ	2
㶿	2
ᚼ	2
ᛒ	2
䨓	2
𤶊	2
ᑖ	2
𡗦	2
㿭	2
㧾	2
㶣	2
䆲	2
ಟ	2
㛠	2
㝎	2
𦀰	2
䰟	2
𠃵	2
䮀	2
𠫓	2
ㆣ	2
ㆩ	2
𢄙	2
庪	2
𧖣	2
𧊲	2
錷	2
𫛝	2
𪾣	2
ὼ	2
ϟ	2
䐜	2
ᥳ	2
ᥑ	2
ᥨ	2
ᥒ	2
ꓳ	2
ꓲ	2
ꓴ	2
ꓫ	2
ꆃ	2
ꁈ	2
ꏦ	2
ᗅ	2
䀏	2
𥧌	2
㦯	2
𣺼	2
품	2
혐	2
𠺖	2
𫑷	2
鐃	2
ਚ	2
ਡ	2
ꦮ	2
ᠥ	2
㦤	2
𣫏	2
顦	2
䲝	2
낚	2
ⲕ	2
䤸	2
𫍤	2
䜧	2
ಧ	2
ಭ	2
വ	2
ỽ	2
ѫ	2
𢶍	2
䀚	2
㭲	2
ష	2
䭕	2
𐎺	2
𥅴	2
ㆳ	2
㘣	2
𫚜	2
𨑨	2
𫔈	2
𫉁	2
ገ	2
ኤ	2
ત	2
𥴊	2
률	2
ዳ	2
𠯐	2
𫄤	2
騹	2
ዕ	2
𢘿	2
𠲎	2
𥿝	2
䒑	2
㤅	2
㫫	2
𫄳	2
䢅	2
롱	2
𤩹	2
𪽈	2
쁓	2
쎿	2
ओ	2
䏘	2
䵬	2
𥍉	2
譍	2
𪚥	2
蟣	2
𨏩	2
㕔	2
귿	2
읃	2
윽	2
읏	2
𫐊	2
ױ	2
𡽪	2
㙡	2
𢫬	2
軞	2
涱	2
ஈ	2
蛚	2
ꆈ	2
𡎴	2
𩼣	2
흰	2
ᶕ	2
䔷	2
ⱛ	2
ყ	2
𠯠	2
વ	2
ટ	2
ϋ	2
झ	2
𪠽	2
㶎	2
므	2
ڬ	2
蠯	2
ﺝ	2
㙊	2
𠀑	2
ဂ	2
ሳ	2
㠉	2
ᛃ	2
ᛜ	2
𧗽	2
諅	2
믹	2
㔾	2
𫔇	2
ഇ	2
ݢ	2
ᕐ	2
ۂ	2
퇴	2
𡩋	2
篕	2
㧪	2
㦢	2
𥒥	2
ﺐ	2
젓	2
랍	2
㪲	2
㪳	2
㫇	2
𩨄	2
㭍	2
ꄬ	2
鷦	2
딩	2
덩	2
층	2
댕	2
맵	2
ꇤ	2
쏴	2
눌	2
웨	2
씬	2
ᵕ	2
繬	2
䯼	2
ﺩ	2
ﺎ	2
髜	2
祽	2
ແ	2
ຂ	2
ﻧ	2
ﺑ	2
ﻴ	2
𦬨	2
ᦂ	2
ᦴ	2
䆁	2
踙	2
ޔ	2
嶁	2
庘	2
陯	2
춰	2
꾼	2
ક	2
킨	2
𩺬	2
ⵀ	2
ⵍ	2
ⵊ	2
𠊚	2
灤	2
ﬀ	2
ങ	2
ﾁ	2
兓	2
㣈	2
㹜	2
𣊫	2
㕕	2
𡮐	2
㙓	2
𣛧	2
𧶽	2
짐	2
𤋮	2
ᒥ	2
𦍌	2
ϣ	2
ϩ	2
𤥒	2
㼁	2
萰	2
ڌ	2
પ	2
俖	2
ᵻ	2
鶴	2
糋	2
𤇼	2
ᦵ	2
ǡ	2
ḉ	2
ȼ	2
ᴅ	2
ȩ	2
ḝ	2
ḕ	2
ȅ	2
ȇ	2
ḙ	2
ḛ	2
ɇ	2
ᴈ	2
ʚ	2
ⅎ	2
ʩ	2
ʛ	2
ḧ	2
ⱶ	2
ȉ	2
ḭ	2
ʄ	2
ʞ	2
ḽ	2
ⱡ	2
ʪ	2
ʫ	2
ṋ	2
ᶇ	2
ȫ	2
ṍ	2
ṏ	2
ȭ	2
ȯ	2
ȱ	2
ǿ	2
ṑ	2
ȍ	2
ȏ	2
ṕ	2
ᵽ	2
ɋ	2
ʠ	2
ṙ	2
ȑ	2
ȓ	2
ɍ	2
ɼ	2
ṥ	2
ṧ	2
ṩ	2
ʆ	2
ṱ	2
ⱦ	2
ƾ	2
ṹ	2
ṻ	2
ȕ	2
ȗ	2
ṷ	2
ṵ	2
ṿ	2
ẇ	2
ẉ	2
ẘ	2
ẍ	2
ẙ	2
ẏ	2
ɏ	2
ẕ	2
ⱬ	2
ʓ	2
ʗ	2
䒢	2
鬗	2
㪚	2
뎡	2
궤	2
䤡	2
㩧	2
㞘	2
䁋	2
𦠿	2
𡁻	2
㥌	2
䲞	2
嬚	2
ဘ	2
懚	2
𫛸	2
䖳	2
䘮	2
㒒	2
𫍬	2
렐	2
ἵ	2
ᆷ	2
爤	2
첩	2
䧇	2
쩜	2
﨣	2
膃	2
螖	2
䵑	2
ⲭ	2
ⲏ	2
봤	2
䴚	2
媇	2
夞	2
ਟ	2
낮	2
룩	2
ዶ	2
𤪌	2
ጋ	2
ގ	2
瓹	2
존	2
ᐏ	2
ᐣ	2
ᠬ	2
હ	2
𧌇	2
㚕	2
ఆ	2
㸙	2
𣚚	2
획	2
𪷽	2
ΰ	2
ਖ	2
濐	2
峉	2
綊	2
桽	2
攭	2
懢	2
觠	2
駯	2
茊	2
鳼	2
霵	2
詊	2
贀	2
庩	2
聄	2
鄊	2
靵	2
鰫	2
旫	2
鉖	2
慖	2
椺	2
𠉀	2
ڊ	2
㠁	2
䠆	2
䠚	2
꽉	2
ኢ	2
ጵ	2
ሪ	2
혈	2
𡩜	2
끈	2
𠻠	2
㺔	2
틸	2
ऋ	2
㭤	2
鞙	2
遦	2
牔	2
殨	2
鴧	2
躸	2
爡	2
塃	2
橳	2
賱	2
鞽	2
齗	2
趇	2
熮	2
𫂖	2
𡳅	2
㟧	2
䜌	2
ℶ	2
㐽	2
𡞱	2
ဟ	2
쳤	2
𢕟	2
𢓨	2
ಇ	2
ഡ	2
蘠	2
닉	2
및	2
쏟	2
犥	2
嫍	2
릴	2
䨲	2
䒶	2
𧫷	2
틴	2
렛	2
ꭿ	2
ᵋ	2
폴	2
랩	2
즌	2
衏	2
墢	2
蘬	2
抙	2
𧸩	2
삐	2
உ	2
㑺	2
짬	2
륜	2
빐	2
ձ	2
𤣰	2
䋡	2
梨	2
ନ	2
ଵ	2
ର	2
뺏	2
뛰	2
嵔	2
媫	2
𤩲	2
𐰜	2
𐰛	2
䓣	2
墤	2
儈	2
𡋱	2
恈	2
熎	2
𤩱	2
䔧	2
렉	2
衴	2
齻	2
檱	2
毜	2
鰎	2
軩	2
訜	2
悂	2
鰬	2
敋	2
媑	2
輁	2
韷	2
歄	2
覫	2
篧	2
厃	2
𠅨	2
軪	2
橠	2
摙	2
솜	2
磃	2
䀻	2
鏝	2
ῇ	2
㵢	2
㻱	2
亮	2
硛	2
媘	2
櫮	2
艒	2
鱱	2
憁	2
毥	2
籎	2
螸	2
𨻰	2
㦨	2
衐	2
擟	2
飻	2
螷	2
縨	2
蘴	2
慸	2
駊	2
隓	2
鑥	2
嶾	2
塎	2
觲	2
櫀	2
溊	2
嘓	2
賳	2
艠	2
澩	2
趲	2
謸	2
遚	2
爦	2
搎	2
簐	2
躤	2
謆	2
梍	2
伌	2
葋	2
諙	2
膬	2
澃	2
榒	2
錇	2
駗	2
梘	2
霯	2
櫯	2
讇	2
譵	2
瘬	2
爒	2
斀	2
隯	2
鋝	2
祮	2
犣	2
瘒	2
棎	2
鴼	2
櫕	2
稪	2
噅	2
劸	2
蹥	2
활	2
杹	2
뻔	2
끌	2
憮	2
幮	2
讄	2
눔	2
꼴	2
돋	2
亂	2
쎈	2
毸	2
驜	2
黌	2
𪊨	2
炿	2
騽	2
秵	2
隫	2
釛	2
皣	2
檂	2
藮	2
糣	2
蘎	2
蘞	2
曭	2
卶	2
鬞	2
珟	2
慩	2
蚟	2
牊	2
鵊	2
濥	2
瓺	2
鮥	2
嬧	2
鶰	2
騯	2
陙	2
弲	2
愸	2
埾	2
駳	2
𣐅	2
ᠦ	2
ᠯ	2
ᠰ	2
ᠶ	2
𨠣	2
㫃	2
픔	2
쀼	2
𦩍	2
በ	2
隿	2
詗	2
㨿	2
拓	2
ˎ	2
싱	2
뎃	2
럿	2
𫄥	2
輐	2
糮	2
蜏	2
鬎	2
轚	2
蟗	2
蘒	2
誺	2
顲	2
奞	2
埬	2
劕	2
娂	2
挅	2
裚	2
䨱	2
ᕼ	2
ᗩ	2
𨬎	2
肞	2
𤻊	2
ປ	2
ፍ	2
濧	2
裮	2
㳍	2
ໄ	2
ᐢ	2
薭	2
硆	2
鶎	2
譑	2
潙	2
縸	2
㻂	2
哛	2
忨	2
慐	2
綨	2
溑	2
鈖	2
聈	2
ⵟ	2
ꋍ	2
ꃅ	2
ꈎ	2
እ	2
瑲	2
힛	2
賌	2
팽	2
𐌉	2
짖	2
높	2
𩧲	2
쥔	2
鴯	2
覣	2
딪	2
엣	2
鋎	2
솔	2
𝜋	2
愢	2
煂	2
螎	2
劌	2
雭	2
蕿	2
鎙	2
摍	2
餑	2
癕	2
嘺	2
濚	2
榋	2
蒫	2
濢	2
曂	2
馠	2
欼	2
螙	2
𣗖	2
䥛	2
ሰ	2
መ	2
㳥	2
둡	2
났	2
㓟	2
㶱	2
몬	2
랏	2
瓄	2
𩧪	2
䒩	2
ຳ	2
읗	2
𣲤	2
䋲	2
䙝	2
챙	2
懩	2
黎	2
ለ	2
ᾴ	2
䲔	2
ఎ	2
㺅	2
퀴	2
ឆ	2
ၿ	2
䅰	2
𤞽	2
孊	2
𢷋	2
ቦ	2
ዲ	2
ሞ	2
ክ	2
唙	2
썸	2
얌	2
ຟ	2
鬉	2
㴻	2
깐	2
㓗	2
𣬌	2
𠼇	2
ថ	2
㸯	2
ផ	2
棥	2
㛑	2
땀	2
ଗ	2
夳	2
硣	2
쌓	2
䉀	2
㮔	2
𐩣	2
㦪	2
蘫	2
谸	2
덤	2
𣘁	2
㨖	2
𤤁	2
𣬶	2
킹	2
풀	2
鬜	2
鵢	2
檘	2
歶	2
礗	2
竎	2
憴	2
顀	2
蔒	2
𤤺	2
𤇄	2
𦁄	2
𣁦	2
쬘	2
㫁	2
曃	2
閝	2
闏	2
恱	2
㣊	2
怟	2
𢘆	2
𥘼	2
䙉	2
㠐	2
𣾢	2
𤥖	2
𢖍	2
𣈂	2
득	2
𩶤	2
橽	2
齈	2
ꠐ	2
댄	2
𧦦	2
ⲗ	2
떤	2
䏿	2
䰷	2
䖡	2
혀	2
𥹆	2
𤰞	2
틈	2
煘	2
鯇	2
盓	2
鈰	2
虠	2
鉙	2
藛	2
鞂	2
瀪	2
魸	2
匶	2
傄	2
鈯	2
櫗	2
矈	2
詿	2
饝	2
娾	2
籸	2
歚	2
懖	2
巰	2
橯	2
檅	2
並	2
炃	2
韼	2
欩	2
黂	2
齠	2
隇	2
蛼	2
觢	2
睮	2
殈	2
僘	2
堖	2
聐	2
裺	2
𦱶	2
𧁇	2
鷶	2
軛	2
﨏	2
龹	2
袻	2
鞀	2
鶛	2
朠	2
欰	2
幧	2
洞	2
蜁	2
萾	2
繱	2
軐	2
懨	2
怸	2
剶	2
輫	2
餝	2
柗	2
韥	2
鷱	2
橲	2
潊	2
謥	2
豥	2
鏑	2
爥	2
瓱	2
粭	2
鱪	2
逫	2
鷝	2
髸	2
靹	2
朗	2
䰀	2
ꄃ	2
阩	2
胒	2
蒵	2
僺	2
ὢ	2
駇	2
膎	2
檶	2
霼	2
緐	2
蔧	2
橌	2
莥	2
熪	2
巸	2
硟	2
茥	2
軬	2
椕	2
杊	2
襓	2
偯	2
駖	2
枦	2
嬹	2
轛	2
薟	2
娝	2
齚	2
龡	2
礄	2
揋	2
塏	2
硳	2
澷	2
梞	2
槆	2
鸈	2
蕘	2
緓	2
櫷	2
湺	2
깰	2
焷	2
㤐	2
蝬	2
㤰	2
霺	2
蠤	2
聥	2
柼	2
樦	2
竱	2
霻	2
禷	2
簢	2
瓭	2
齔	2
輡	2
詍	2
擝	2
梎	2
贜	2
褬	2
磂	2
擄	2
瘹	2
闧	2
涀	2
鴘	2
乼	2
庍	2
倇	2
覒	2
痻	2
釅	2
鼁	2
敽	2
殎	2
飯	2
ꢜ	2
ꇨ	2
餀	2
籏	2
溾	2
㹇	2
綌	2
孯	2
鑬	2
ꪛ	2
䵀	2
遱	2
颽	2
泋	2
瞘	2
嵭	2
皸	2
艆	2
薼	2
鍊	2
濭	2
艜	2
韚	2
帍	2
婨	2
笻	2
儢	2
耛	2
灓	2
螺	2
釯	2
跒	2
鐌	2
憉	2
痮	2
嚌	2
籩	2
ꦈ	2
㕳	2
罹	2
籠	2
幭	2
臘	2
陒	2
喖	2
毲	2
攎	2
浝	2
蘌	2
熭	2
疛	2
ཥ	2
㓎	2
㧗	2
䭁	2
𣲙	2
㕺	2
䏯	2
䶡	2
䑥	2
ྉ	2
䶱	2
䊈	2
䇠	2
㙮	2
㘷	2
濷	2
躟	2
籄	2
蠬	2
狏	2
飦	2
飶	2
崅	2
湽	2
簛	2
㓘	2
怲	2
ꆤ	2
龧	2
셨	2
𢇃	2
댓	2
𠳔	2
횡	2
𤤗	2
㖆	2
㝍	2
ㅄ	2
ཎ	2
ᇂ	2
ᖛ	2
䧅	2
뚱	2
㷬	2
鯂	2
𠼤	1
ㄳ	1
ᦗ	1
ᧃ	1
ᦓ	1
ᦔ	1
𠃉	1
𠔻	1
䨻	1
ﻱ	1
𢇌	1
䫆	1
碊	1
ᡣ	1
ᡞ	1
ᡍ	1
ᡩ	1
ᡝ	1
ᡥ	1
𢧤	1
𫐑	1
ㄯ	1
䏭	1
𡥵	1
㵼	1
ꞓ	1
봩	1
뀱	1
㦸	1
㛇	1
밠	1
긲	1
넢	1
뼠	1
ꬩ	1
봠	1
먠	1
ﴩ	1
ﴪ	1
ꬪ	1
㜑	1
𧎾	1
ἢ	1
ᾰ	1
켤	1
슥	1
넵	1
넝	1
뱐	1
뿔	1
똡	1
룯	1
ᔒ	1
쟬	1
흏	1
솟	1
ㄺ	1
𤇢	1
𫌨	1
䦧	1
𪱣	1
𤼲	1
㠜	1
𓏺	1
𓈖	1
𓆎	1
𓊖	1
ⲫ	1
㛄	1
㐲	1
𠷠	1
𢫆	1
䗧	1
𫛦	1
𫐆	1
䗁	1
螰	1
㛧	1
𡉣	1
䚡	1
𫔄	1
䢾	1
龰	1
𢦏	1
蓒	1
ﭼ	1
ﯩ	1
ﻐ	1
ܨ	1
䰖	1
ℚ	1
𪎌	1
郟	1
𧒻	1
𨙶	1
ؾ	1
ꀒ	1
ꇖ	1
䳘	1
䳗	1
𪈻	1
𦻙	1
𠍲	1
㸺	1
𡖓	1
𠞊	1
𡱰	1
䅴	1
㧸	1
𢄺	1
㧎	1
㡠	1
䆡	1
𦈐	1
䘃	1
𣱧	1
𪉆	1
𥪰	1
𢫾	1
𦀸	1
𥆧	1
𡳿	1
𡰣	1
𠙴	1
𠀀	1
ㆮ	1
ㆯ	1
𢎘	1
𡯁	1
𠼞	1
𫝬	1
鿭	1
䘎	1
𡙇	1
䥺	1
ꙅ	1
ꙃ	1
ꙁ	1
ⱌ	1
ⱋ	1
ʺ	1
ꙑ	1
ꙕ	1
𢆥	1
ꙓ	1
𡧃	1
𪪼	1
𦙍	1
ᦎ	1
ᦆ	1
ꓠ	1
ꓟ	1
ꓡ	1
ꓢ	1
ꓚ	1
ꓸ	1
ꓛ	1
ꓬ	1
ꓗ	1
ꓪ	1
ꓼ	1
ꓝ	1
ꉼ	1
ꉸ	1
ꉳ	1
ꊨ	1
ꍓ	1
ᗺ	1
ᗷ	1
䘵	1
㦲	1
㩌	1
ᓯ	1
𫘥	1
㬅	1
䛴	1
𤔡	1
멸	1
䔃	1
𨫃	1
𨶙	1
𨳍	1
𢆡	1
𡴶	1
𐐷	1
𢱕	1
㰖	1
䓶	1
ꦯ	1
ꦗ	1
ꦪ	1
𫛴	1
䶎	1
䏣	1
㛐	1
䣛	1
웠	1
ଓ	1
ଡ	1
𢕌	1
𫞚	1
ᒡ	1
𠹌	1
𩱈	1
㣲	1
䖔	1
䖑	1
𪎭	1
𣃁	1
ሬ	1
첨	1
ಖ	1
ಘ	1
ಙ	1
ಛ	1
ಝ	1
ಞ	1
ಢ	1
ఐ	1
ఔ	1
㙎	1
ꎖ	1
ꉙ	1
𦷄	1
䢘	1
𢺋	1
䭣	1
蚒	1
䬅	1
𢣢	1
ధ	1
鷺	1
㕰	1
𩇛	1
𣭈	1
𩑠	1
𧻗	1
𧤛	1
麧	1
ײ	1
𐎢	1
𐎩	1
𭨡	1
𮄫	1
鿃	1
㚒	1
䓝	1
䕷	1
㒰	1
䓴	1
䱌	1
䰽	1
𨱆	1
ꊴ	1
𪠘	1
𤽸	1
ማ	1
ኛ	1
ޱ	1
ޏ	1
𦹗	1
𢀓	1
𡦹	1
𠪳	1
𠇇	1
𠆭	1
𦮙	1
𠍋	1
ὦ	1
떫	1
𫚫	1
𡬐	1
㣉	1
ᚹ	1
䪹	1
ㇷ	1
𠰴	1
㕫	1
𠳼	1
𠸍	1
㱀	1
ﻟ	1
ﺒ	1
㲚	1
㮹	1
蔋	1
𩷍	1
㫠	1
확	1
ﺙ	1
𫏆	1
쟨	1
컆	1
꽯	1
𩼅	1
䗋	1
䗂	1
𠡒	1
װ	1
𤕶	1
𨤎	1
㕊	1
㻫	1
㦱	1
㐋	1
𧫻	1
㟍	1
𠃑	1
錅	1
ယ	1
踚	1
𦄿	1
죤	1
𬓆	1
𥙔	1
𥚻	1
𥘺	1
𩜱	1
㩉	1
ꂤ	1
ꈐ	1
ਉ	1
㕶	1
𫓦	1
𧉆	1
ꈿ	1
ꐎ	1
ꈵ	1
𨙷	1
𨚢	1
𡓱	1
𓇍	1
𓊵	1
𓊪	1
㼴	1
纅	1
𪖈	1
㐓	1
𠘨	1
㠫	1
㠬	1
ὤ	1
𡽹	1
𫟳	1
㹭	1
𧖽	1
𩲃	1
㾗	1
䎚	1
愇	1
ﻙ	1
ऊ	1
𠇶	1
轌	1
䓈	1
𡆠	1
𢘑	1
𠙺	1
𥠢	1
𤪉	1
𨲢	1
𤯔	1
抾	1
ᚷ	1
ᚲ	1
ⷉ	1
ધ	1
㿉	1
ભ	1
넥	1
𠭯	1
ऽ	1
𢽍	1
𥣫	1
븸	1
𫐈	1
䇓	1
ണ	1
ഓ	1
ഫ	1
𫛱	1
𧐍	1
𧑓	1
尩	1
ᔪ	1
㚬	1
𐍈	1
𠂇	1
폐	1
䓓	1
𤠋	1
𥒓	1
킬	1
鰉	1
꼇	1
旔	1
𦸉	1
𨞓	1
ਭ	1
㺩	1
㫈	1
蔱	1
뿴	1
톡	1
웹	1
툰	1
납	1
털	1
ᾥ	1
ࠒ	1
ޓ	1
셤	1
䕨	1
넹	1
䔨	1
𠱸	1
ᨆ	1
ᨔ	1
䌀	1
ﺤ	1
ﻻ	1
ﮪ	1
ሀ	1
𐤀	1
𐤄	1
𐤇	1
𐤏	1
𐤅	1
𐤉	1
䲉	1
㸦	1
చ	1
꽁	1
ﻓ	1
ﻲ	1
𫗩	1
𧿃	1
ἃ	1
𠺢	1
䳇	1
ᦥ	1
ᦤ	1
ᦨ	1
ᦪ	1
ᦫ	1
𫓺	1
ᖓ	1
𡶴	1
𠆲	1
䗃	1
𧏿	1
𤴓	1
𪗋	1
䈎	1
శ	1
맣	1
삶	1
અ	1
બ	1
ᾱ	1
ے	1
솥	1
𨉹	1
𨊛	1
䬌	1
㳧	1
䆛	1
ബ	1
𫔯	1
ﬄ	1
ﬆ	1
ﬅ	1
ആ	1
ദ	1
ശ	1
ﾔ	1
𧕱	1
𫗠	1
𠦅	1
𤤴	1
㐨	1
㐩	1
㒭	1
㒹	1
㚁	1
㚘	1
㚡	1
㝇	1
㱛	1
㲎	1
㸞	1
㼌	1
㽬	1
㿟	1
䀠	1
䎜	1
䖵	1
䡛	1
䣈	1
䪭	1
䲆	1
㕛	1
㚣	1
𩺰	1
㴇	1
𤾩	1
㐂	1
㽓	1
䆐	1
䖃	1
㐺	1
㷋	1
𠦌	1
𠈌	1
𠫬	1
㠭	1
㵘	1
𡈶	1
𤳵	1
𣡍	1
𥗐	1
䡙	1
씁	1
ᶦ	1
ᶧ	1
ᶰ	1
ʶ	1
ᶸ	1
𫐗	1
㽿	1
긍	1
𓁹	1
䎞	1
䜳	1
𩙿	1
䰛	1
𪉊	1
ϯ	1
𡸷	1
𪱷	1
䞘	1
𤒩	1
蜭	1
㦀	1
㻜	1
𠟼	1
䵂	1
뎐	1
젼	1
ﾈ	1
𦺻	1
𠀾	1
ﺪ	1
ﻞ	1
㬹	1
톤	1
㕹	1
𣭻	1
𣙙	1
𢳚	1
얄	1
𥘥	1
𫍴	1
𣚣	1
𫕥	1
㐵	1
䜛	1
ᦒ	1
ᧄ	1
ᦷ	1
ᧁ	1
ᧈ	1
ﺓ	1
ﺔ	1
ᶏ	1
ẚ	1
ᶐ	1
ᴂ	1
ᴁ	1
ᵬ	1
ᶀ	1
ᴃ	1
ᴄ	1
ᶑ	1
ᵭ	1
ȸ	1
ȡ	1
ᴆ	1
ƍ	1
ᶒ	1
ᶓ	1
ᶔ	1
ɞ	1
ᵮ	1
ᶂ	1
ᶃ	1
ᵹ	1
ᵷ	1
ᶖ	1
ᵼ	1
ᴉ	1
ᴊ	1
ᶄ	1
ᴋ	1
ᶅ	1
ȴ	1
ᴌ	1
ᵯ	1
ᶆ	1
ᵰ	1
ᴔ	1
ᵱ	1
ᶈ	1
ⱷ	1
ȹ	1
ᴘ	1
ᵲ	1
ᶉ	1
ᵳ	1
ᴙ	1
ᴚ	1
ᵴ	1
ᶊ	1
ȿ	1
ẛ	1
ᶋ	1
ᶘ	1
ᵵ	1
ƫ	1
ᵺ	1
ᴜ	1
ᵾ	1
ᶙ	1
ᵫ	1
ᵿ	1
ᴝ	1
ᴞ	1
ᶌ	1
ⱴ	1
ᴟ	1
ᶍ	1
ᵶ	1
ᶎ	1
ɀ	1
ᶚ	1
ƺ	1
ƻ	1
ʬ	1
ʭ	1
嶘	1
𬜢	1
𪆒	1
ᥲ	1
ᥘ	1
ᥫ	1
ᥴ	1
ᦄ	1
ॡ	1
𫄣	1
軇	1
슌	1
භ	1
ඛ	1
㻠	1
𢳂	1
𢴩	1
𠾴	1
𫗉	1
㔆	1
𪠳	1
𪙻	1
䶪	1
䩌	1
𠻜	1
𧽻	1
𩟔	1
𢵄	1
䟫	1
𡮦	1
𠶧	1
䐁	1
𧰵	1
𢽴	1
㧻	1
𣿅	1
𡰖	1
𩅼	1
𨃚	1
𠴲	1
㓤	1
䊆	1
𥀖	1
㺒	1
䠩	1
𫐒	1
𪘲	1
𡄵	1
𠖫	1
㨴	1
㩿	1
䁽	1
𨇆	1
𢽲	1
㶧	1
𦧲	1
𢲵	1
𨀤	1
䪚	1
𨈓	1
䏠	1
㗦	1
𤎤	1
𫇘	1
䁅	1
𢖥	1
𡕒	1
䒐	1
𣲷	1
𥹉	1
𧟘	1
䈜	1
𫖵	1
𡕧	1
㩄	1
𠽌	1
𡃶	1
𠘖	1
𡰢	1
𪏙	1
𫖫	1
㷹	1
𦻐	1
䕢	1
㲳	1
䂻	1
䒏	1
ὗ	1
㸋	1
𤓓	1
ꨂ	1
ꨆ	1
ꨚ	1
㞰	1
䱐	1
䱡	1
𦺍	1
ⷛ	1
𦬖	1
䧲	1
眑	1
𡋣	1
ဇ	1
㓕	1
鳿	1
𪀘	1
ꌠ	1
𩸙	1
𧀄	1
㒝	1
ڏ	1
𦊚	1
㡽	1
핸	1
䳯	1
㴲	1
䋱	1
㦷	1
𢆯	1
ᖃ	1
ᑑ	1
ᆸ	1
壘	1
𪈮	1
𪈿	1
㶾	1
뗄	1
𠷨	1
𥺪	1
𤆡	1
ﭖ	1
鄝	1
𧺯	1
𨣏	1
띄	1
ᓪ	1
ᓕ	1
𨸏	1
㒚	1
㪍	1
𡾣	1
ἂ	1
䉭	1
䠏	1
걀	1
둏	1
돟	1
ᄂ	1
봔	1
𪡞	1
㱮	1
ਝ	1
靍	1
딘	1
옵	1
𦻼	1
𠱂	1
ተ	1
ዋ	1
㲲	1
𠰢	1
끄	1
䐗	1
㷃	1
𤊞	1
롭	1
ﾂ	1
윌	1
ላ	1
ኖ	1
쿄	1
렴	1
ᔑ	1
ᓈ	1
ᐯ	1
ᒧ	1
ᐎ	1
ᐦ	1
ᔭ	1
ᐍ	1
𠄎	1
ꨍ	1
ꩆ	1
ੳ	1
ੲ	1
ੴ	1
𨞚	1
ጨ	1
羽	1
㭠	1
겹	1
𧐴	1
𐎧	1
𐏁	1
𐎰	1
𐎱	1
㰐	1
ഹ	1
접	1
ﺡ	1
융	1
襣	1
錁	1
漊	1
崉	1
疅	1
涃	1
粚	1
籅	1
𪃿	1
𦅜	1
䯻	1
䍲	1
લ	1
દ	1
ٺ	1
ڙ	1
ڻ	1
ڄ	1
ਠ	1
䠺	1
䠖	1
䠋	1
䠎	1
䠉	1
㤧	1
픽	1
ፕ	1
ሚ	1
ሊ	1
〱	1
〲	1
ঝ	1
𒄿	1
𒌑	1
𒃷	1
𨌷	1
𣝗	1
㥜	1
잃	1
쯤	1
𥣰	1
䄓	1
벼	1
𪳍	1
䏁	1
㮞	1
𩃳	1
㽵	1
㻁	1
𡒄	1
䢵	1
ⳇ	1
ᄋ	1
ㄼ	1
ᅎ	1
ᅐ	1
髚	1
嗴	1
𤢂	1
ﻫ	1
벅	1
䀥	1
𡩏	1
ၼ	1
ၶ	1
곰	1
䣰	1
𦹛	1
䚯	1
ሸ	1
㛅	1
흡	1
辴	1
𨻽	1
𫎩	1
𤝱	1
㐄	1
ఇ	1
㙏	1
𤣥	1
ဧ	1
𦘗	1
𤈇	1
㜫	1
ဦ	1
䍀	1
𢙓	1
ꚭ	1
𝛂	1
캡	1
덴	1
ꮳ	1
ꮃ	1
ꭹ	1
ꮷ	1
ꮄ	1
ꮜ	1
ꮕ	1
𣇐	1
𪼋	1
힐	1
𨑮	1
𢱟	1
㬋	1
ಅ	1
భ	1
ἤ	1
ὂ	1
㑋	1
𣈥	1
낭	1
䲸	1
ஏ	1
எ	1
ஊ	1
ஓ	1
𪨧	1
𦐥	1
𧎜	1
𣂺	1
𠄞	1
㖠	1
𤂬	1
뽕	1
숫	1
팥	1
䂊	1
𤪸	1
𝖟	1
ވ	1
ޙ	1
𫔴	1
𫍰	1
빼	1
𡶛	1
㪅	1
豱	1
ꎭ	1
ꂵ	1
ꇁ	1
ꄿ	1
ଭ	1
ଲ	1
걱	1
㪶	1
鄖	1
𨧀	1
𨭎	1
𨨏	1
𨭆	1
䥑	1
ⵣ	1
ℛ	1
𝓁	1
𫁿	1
ﶾ	1
ﾕ	1
㓾	1
촉	1
蹗	1
𫞠	1
ཝ	1
鰷	1
𪣟	1
𪺭	1
ږ	1
굉	1
훤	1
㠗	1
𨴱	1
섬	1
뇽	1
㹥	1
ඉ	1
䓍	1
渵	1
繉	1
岤	1
譂	1
椦	1
橣	1
鋴	1
椲	1
𒂗	1
𒆠	1
𒆕	1
㳂	1
𐎡	1
𐎹	1
𐎶	1
𐎴	1
𧣌	1
쌀	1
䳠	1
잤	1
ꦥ	1
ꦑ	1
ꦠ	1
䥵	1
ஹ	1
끊	1
㠄	1
햄	1
갔	1
鿞	1
鿿	1
𢠁	1
㢤	1
𦈉	1
ꀋ	1
ꇊ	1
㟆	1
㐉	1
䄑	1
請	1
縶	1
覼	1
硱	1
岝	1
鶈	1
練	1
碙	1
윰	1
ὃ	1
䆝	1
鞖	1
餶	1
毮	1
昿	1
擌	1
嗸	1
閯	1
誫	1
葞	1
謕	1
懜	1
焧	1
豠	1
揓	1
桪	1
鍻	1
穲	1
耫	1
誱	1
迬	1
剈	1
垁	1
聁	1
揁	1
鎀	1
謯	1
糡	1
燷	1
鍲	1
鉜	1
䮭	1
𤦀	1
논	1
쌈	1
쉿	1
𠱼	1
䝀	1
𫛰	1
𫛮	1
㮴	1
맑	1
㾆	1
掠	1
𢃢	1
䶝	1
釺	1
𦳲	1
𠻸	1
𪁺	1
𩿧	1
䓘	1
㽲	1
㽱	1
컨	1
콾	1
컑	1
떶	1
ﻋ	1
ﻕ	1
謱	1
趢	1
繂	1
錏	1
鵳	1
烪	1
俕	1
埡	1
崨	1
鷸	1
歋	1
뼛	1
ᠲ	1
ᠤ	1
ᠩ	1
𦉢	1
𧑙	1
㔬	1
킷	1
𠮾	1
䑽	1
ゔ	1
ፀ	1
ከ	1
ዎ	1
ፋ	1
䪐	1
𫄮	1
홰	1
댱	1
닐	1
굽	1
흘	1
흙	1
밟	1
넓	1
쉐	1
틔	1
蘾	1
䊠	1
㬏	1
㫟	1
홈	1
ἆ	1
䳳	1
𠫊	1
𠍇	1
튠	1
肍	1
㫜	1
ꆮ	1
讝	1
飺	1
韹	1
裫	1
㱘	1
桳	1
軗	1
𡺿	1
딕	1
윙	1
𪂡	1
𨋄	1
ٵ	1
ٸ	1
𤣯	1
䄖	1
𩖖	1
㟊	1
𩜁	1
𫗥	1
ዬ	1
ሄ	1
𩨂	1
냈	1
껏	1
캠	1
矏	1
槞	1
涋	1
弄	1
䗐	1
㬕	1
𢔀	1
쥐	1
닷	1
𫄲	1
ᐑ	1
ᑮ	1
ᐸ	1
ᐤ	1
㫮	1
𨕥	1
憠	1
邎	1
釻	1
覐	1
㙫	1
𪴑	1
ᓴ	1
㺷	1
𠇖	1
𪞝	1
𡚒	1
찔	1
𫐕	1
䉰	1
釞	1
趶	1
𠐔	1
롯	1
䧺	1
ﺁ	1
𦔐	1
ꆪ	1
ꃄ	1
ꌕ	1
ꄡ	1
ꊰ	1
ꆨ	1
ꇗ	1
ꊖ	1
ꏅ	1
𤢗	1
객	1
𫘫	1
𥔿	1
𪧘	1
댐	1
딧	1
㢶	1
𣿭	1
㘧	1
닛	1
㧥	1
쭤	1
𡶦	1
𤥢	1
𩹷	1
닮	1
랬	1
낡	1
𠮿	1
푼	1
𐌓	1
𐌄	1
𐌕	1
𐌀	1
𥖩	1
욕	1
𨰎	1
䩮	1
䚮	1
ⱑ	1
챌	1
淚	1
𡰳	1
𠁨	1
𧢯	1
𩙣	1
𤪙	1
𧪚	1
㢆	1
됐	1
𨇗	1
攐	1
攓	1
鍤	1
鮤	1
鶦	1
溔	1
錈	1
鼿	1
ￚ	1
𦜳	1
𪔠	1
풋	1
㵵	1
걷	1
㬫	1
ˢ	1
ጥ	1
𠫾	1
촬	1
䖴	1
옳	1
㵰	1
䏏	1
珁	1
𩆃	1
䨌	1
䧥	1
ਆ	1
ਥ	1
𤓪	1
𧙃	1
샌	1
𠩄	1
𛀆	1
𤲅	1
ｦ	1
𥻹	1
𧹼	1
𥾪	1
멤	1
𫄡	1
𤦏	1
𫓨	1
𥠋	1
읓	1
ᅔ	1
ᅕ	1
읔	1
읖	1
ㅭ	1
ᄽ	1
ᄿ	1
ᅏ	1
ᅑ	1
𧘹	1
𣔾	1
㙲	1
ᔅ	1
ᐄ	1
ᐋ	1
ᕆ	1
䌼	1
𦁉	1
踑	1
ჩ	1
㒷	1
𠊺	1
䍉	1
䧄	1
𓇋	1
𓄿	1
𓅱	1
倈	1
ⴱ	1
ⴽ	1
ⴼ	1
𤩰	1
ቴ	1
ቃ	1
ᾳ	1
躒	1
䣺	1
깔	1
𪡃	1
𢊄	1
㟥	1
㓼	1
䅵	1
㩒	1
쭈	1
쉘	1
ޖ	1
එ	1
𠚢	1
𫚗	1
앉	1
𠔳	1
幝	1
싫	1
䛔	1
ሓ	1
ይ	1
ች	1
ሲ	1
ῤ	1
ථ	1
ච	1
ຖ	1
큰	1
䜥	1
𣛣	1
𥒦	1
쿡	1
䠙	1
㨆	1
䨄	1
㞺	1
껌	1
씻	1
𢚝	1
펜	1
𧯦	1
퉁	1
𧃍	1
뀨	1
𨗲	1
𣱼	1
밴	1
㩳	1
𣏞	1
㯽	1
𣲫	1
𥇍	1
ᝃ	1
㸎	1
𡷗	1
멕	1
𡶲	1
𨀴	1
𪵑	1
𪗾	1
𤾫	1
ឧ	1
𨾿	1
䵃	1
𡨽	1
𠊪	1
蒊	1
䖝	1
𩗬	1
𡨃	1
㑔	1
𩦸	1
䀲	1
𨶒	1
𫐎	1
㻌	1
𩒛	1
벳	1
𤖔	1
㒄	1
룽	1
픈	1
𫞡	1
ଙ	1
ସ	1
𧆬	1
𫞥	1
澢	1
𧝁	1
㿃	1
섯	1
𪕌	1
𐩢	1
𐩺	1
𐩧	1
𧿆	1
ފ	1
ޕ	1
䆃	1
閊	1
𩬆	1
㬪	1
㝷	1
슛	1
렌	1
鷘	1
䦹	1
䇍	1
겟	1
ῷ	1
煉	1
𨱓	1
𣽷	1
䚢	1
𠮷	1
㗑	1
䗶	1
늪	1
㤀	1
㬾	1
䝠	1
띵	1
𩫻	1
𩫵	1
𫘠	1
룬	1
𢜬	1
𠢳	1
𫀬	1
𢘥	1
ᨅ	1
ᨁ	1
ᨓ	1
絥	1
嶵	1
朄	1
疦	1
曍	1
訯	1
蠈	1
纗	1
𠗕	1
䝾	1
䱞	1
벚	1
𤦎	1
𡓭	1
䲲	1
ꎧ	1
𤑐	1
뜌	1
𫝮	1
𡑡	1
䤪	1
𡑤	1
ஷ	1
𤣲	1
㽜	1
𢁫	1
𣇫	1
鐛	1
㶴	1
䠘	1
䨞	1
𠳲	1
𤧣	1
𪙴	1
𩋤	1
濻	1
諑	1
牄	1
幯	1
愥	1
愑	1
秜	1
麲	1
𨕱	1
䵼	1
䥓	1
䎕	1
𤤦	1
䌾	1
𪬚	1
𩧴	1
𪜈	1
㾾	1
𥟍	1
䈰	1
𩹇	1
䛘	1
𩕩	1
𨨞	1
㻛	1
鶾	1
㘚	1
䤭	1
𦖟	1
䪻	1
䇳	1
䆅	1
𨪦	1
늦	1
𧴛	1
𦒅	1
㴰	1
𤩪	1
𤦲	1
𤤽	1
𩎚	1
𤦃	1
𣣄	1
𨤲	1
𢘅	1
콤	1
ϰ	1
𢶜	1
ႀ	1
霒	1
𫟤	1
ຜ	1
䗑	1
봇	1
㐫	1
ڼ	1
𠎀	1
뭔	1
ሐ	1
ረ	1
𦭒	1
𫜬	1
𓇽	1
㴧	1
𞠀	1
𞠁	1
𞠂	1
㺱	1
ꠍ	1
ꠟ	1
ⰹ	1
ښ	1
څ	1
ꠇ	1
ꠘ	1
ꠁ	1
ꠊ	1
㤖	1
ⲋ	1
㪘	1
ἧ	1
ድ	1
ሜ	1
ም	1
𡉧	1
𡈼	1
ᒪ	1
ᒋ	1
ᐧ	1
콘	1
팬	1
𡭕	1
떳	1
읽	1
찐	1
㖫	1
䳋	1
𧒭	1
䉋	1
𩇯	1
𤣎	1
𤛎	1
㮨	1
䍃	1
䗡	1
𡺯	1
𪇱	1
𩳁	1
𩶯	1
𢘙	1
㧽	1
훔	1
챠	1
䕾	1
앰	1
ꝛ	1
㯢	1
䔶	1
𡍲	1
ቅ	1
ዘ	1
ዴ	1
렘	1
ඓ	1
㙟	1
ඨ	1
ධ	1
ණ	1
㚼	1
𥄳	1
𨯵	1
𢯦	1
𣔆	1
𭫪	1
뽀	1
𤬜	1
꿨	1
𦇗	1
㮯	1
𦜐	1
𦵚	1
ꞑ	1
𧊉	1
㞦	1
齀	1
乶	1
囅	1
狧	1
詚	1
朇	1
跠	1
駩	1
崊	1
鷻	1
韟	1
蘔	1
膭	1
邍	1
爃	1
䖘	1
倲	1
鍎	1
䆥	1
秮	1
ௐ	1
ﹰ	1
欭	1
鯒	1
螦	1
螒	1
鞇	1
藲	1
砏	1
萙	1
婮	1
跭	1
乥	1
𦱡	1
𦱢	1
㒤	1
㭀	1
蚫	1
蘉	1
籪	1
䗫	1
蝁	1
蓾	1
蘳	1
珗	1
霷	1
澮	1
梙	1
塶	1
屷	1
鑜	1
哰	1
碋	1
靅	1
䦨	1
㧠	1
䴸	1
ꏠ	1
𨒂	1
爅	1
㼖	1
䧕	1
眓	1
褜	1
怒	1
䱮	1
㠌	1
龼	1
ǆ	1
䴜	1
㶀	1
䆳	1
䇂	1
䀹	1
硫	1
㐚	1
漣	1
㐤	1
餇	1
䵢	1
臹	1
梤	1
鎆	1
鏿	1
朑	1
讑	1
蔅	1
嬳	1
豂	1
齭	1
氌	1
瀂	1
欟	1
貥	1
錗	1
瀻	1
嵀	1
䌫	1
艤	1
駫	1
藣	1
聭	1
凌	1
卵	1
輍	1
밭	1
껴	1
쫓	1
찍	1
鷅	1
䆿	1
닙	1
㜬	1
䤻	1
聆	1
ꖦ	1
ﳖ	1
鯜	1
墂	1
赾	1
鯅	1
蹸	1
搄	1
嘃	1
聏	1
暰	1
燺	1
躖	1
鍸	1
鯲	1
汓	1
喸	1
㽠	1
㤴	1
磫	1
㪰	1
䅒	1
䣢	1
䗸	1
僚	1
䥥	1
㙐	1
鞩	1
毩	1
扄	1
鈳	1
廤	1
鏾	1
匒	1
懤	1
瓵	1
ᗣ	1
勱	1
觰	1
䕈	1
䧰	1
戮	1
䅊	1
䋞	1
欄	1
庿	1
䈢	1
驋	1
㼉	1
淋	1
㻸	1
猪	1
蝆	1
踥	1
邜	1
劉	1
媝	1
錌	1
邫	1
蕽	1
㦴	1
䃠	1
곧	1
崓	1
鱝	1
溮	1
䅖	1
㯟	1
ꇕ	1
雴	1
緧	1
愱	1
樥	1
蹳	1
賯	1
劆	1
燞	1
瘱	1
銿	1
讍	1
艈	1
嬘	1
삭	1
䈠	1
ᰙ	1
䪰	1
壪	1
鑉	1
澅	1
彋	1
懅	1
瀃	1
餄	1
亄	1
艃	1
隥	1
峓	1
搱	1
磸	1
鱡	1
竐	1
詽	1
妐	1
鍈	1
ꐓ	1
䗊	1
䶥	1
㾫	1
ꖟ	1
磰	1
梥	1
扸	1
㠦	1
㥨	1
㗖	1
摒	1
燅	1
耚	1
嬊	1
梸	1
廥	1
蛠	1
炞	1
虄	1
讏	1
陵	1
簅	1
ꃦ	1
乻	1
磊	1
鋦	1
㘫	1
䕲	1
ꂗ	1
㨁	1
䩼	1
䨅	1
㷠	1
䶀	1
㴏	1
ꋥ	1
䱚	1
䓀	1
麟	1
䰰	1
䤹	1
䢰	1
㦰	1
䇆	1
ꂽ	1
ꏀ	1
ꔺ	1
爐	1
㢰	1
㻍	1
ꇉ	1
ꗔ	1
䖇	1
䂢	1
㺼	1
䠔	1
頛	1
㤸	1
㨏	1
ꖅ	1
ꆝ	1
䧝	1
䯮	1
䅠	1
㥈	1
㓩	1
匭	1
祥	1
ꦭ	1
䙎	1
䮓	1
糧	1
䬀	1
㦬	1
㥏	1
菕	1
㢭	1
櫩	1
ꍠ	1
䀒	1
寮	1
좆	1
䙦	1
䫷	1
溺	1
㥃	1
䩀	1
䟢	1
ꢝ	1
ⷀ	1
ꛥ	1
㛸	1
ꢑ	1
㽞	1
㵧	1
䁭	1
節	1
ﶙ	1
㳌	1
䕰	1
ꊝ	1
龜	1
ꅸ	1
覾	1
㴛	1
ﭪ	1
ⱀ	1
傇	1
㥰	1
㣀	1
㡭	1
䱠	1
㥊	1
㩀	1
噟	1
䄨	1
ꓨ	1
ꏩ	1
ﭛ	1
濫	1
䙙	1
㘞	1
ꖝ	1
㗽	1
䏐	1
㭰	1
簾	1
蠟	1
㥑	1
䥶	1
䕀	1
侮	1
㫀	1
ꨛ	1
ꄦ	1
䀰	1
ꆀ	1
ꋨ	1
ꫠ	1
䔹	1
䵔	1
㒈	1
㟘	1
ꍀ	1
懲	1
㤠	1
狼	1
㧴	1
暈	1
䌐	1
ꢢ	1
ⲹ	1
㩰	1
㵠	1
㹰	1
䕺	1
㳨	1
㐀	1
﨟	1
䶍	1
䫐	1
ﺫ	1
㩑	1
䴠	1
䭐	1
ꄘ	1
焒	1
汿	1
謭	1
箵	1
褤	1
鈽	1
㱃	1
ᙏ	1
䜴	1
㨫	1
謽	1
𤍤	1
蔉	1
饊	1
㧡	1
㵷	1
嫴	1
漗	1
𢛳	1
鄻	1
縒	1
黋	1
潳	1
霃	1
礼	1
ꔛ	1
萺	1
㔿	1
颴	1
梬	1
櫭	1
藆	1
鈮	1
郬	1
侺	1
憄	1
偩	1
繷	1
鏎	1
孡	1
仢	1
糤	1
臰	1
騝	1
膷	1
䞼	1
䋈	1
𥕞	1
穓	1
뵤	1
䀖	1
먀	1
걍	1
㴝	1
蘒	1
𠳿	1
㓋	1
갖	1
搝	1
𡘊	1
𡧳	1
탔	1
뚜	1
껑	1
닫	1
㓊	1
䞠	1
䁲	1
ߣ	1
ۺ	1
ꇵ	1
㸔	1
𧙕	1
㟷	1
㭈	1
㧜	1
𨶹	1
㖮	1
𣏾	1
쎄	1
듵	1
ㄵ	1
䎵	1
𣇈	1
ൠ	1
㖏	1
꽤	1
䠗	1
㩐	1
꾀	1
뼈	1
䌤	1
㗛	1
㙛	1
큽	1
ළ	1
깁	1
𠁎	1
잼	1
㩆	1
쫑	1
𩂓	1
뤘	1
㩙	1
䪺	1
𡦃	1
𠯫	1
䒱	1
겻	1
㠶	1
䑃	1
𣄃	1
𠧧	1
㤞	1
䆟	1
䒰	1
㔻	1
녁	1
깻	1
㟗	1
ㄽ	1
풉	1
𥘅	1
잛	1
㥻	1
䆆	1
㖡	1
젊	1
㾌	1
닥	1
봅	1
𡙡	1
鯐	1
攳	1
縏	1
淣	1
橊	1
虆	1
㥉	1
